rowindex,contract,price_crossing,price_distortion,roll_start,roll_heart,near_minus_next,ctd_last_first,ctd1_percent,delivery_cost,delivery_ratio,squeeze
1,TUZ92 Comdty,0.157659255,0.900783269,0.016052581,1,1,0.902810662,1,0.010742826,0.099312908,TRUE
2,TUH93 Comdty,0.018587922,1,1,0.084723532,0.778847085,1,0.136068955,0.154116204,1,FALSE
3,TUM93 Comdty,0.035755198,0.045987096,0.673542818,1,0.027688954,0.067889485,0.007696184,0.034742591,0.17167602,FALSE
4,TUU93 Comdty,0.663832349,1,0.063056817,0.188899323,0.064453868,0.005741804,0.166102377,0.956667793,1,TRUE
5,TUZ93 Comdty,0.109677923,0.113600681,0.726244142,1,1,1,1,0.105467277,0.145024929,FALSE
6,TUH94 Comdty,0.141515198,1,0.170614678,0.860103415,0.061345392,1,1,1,0.633824204,TRUE
7,TUM94 Comdty,0.893747141,0.149239761,0.132354913,1,0.028572701,0.704823307,0.093089997,0.026012085,0.671559103,FALSE
8,TUU94 Comdty,1,0.103166384,0.191749315,0.188426693,0.769676249,1,0.042593979,0.108837424,1,TRUE
9,TUZ94 Comdty,0.097676496,1,1,1,1,0.151218322,0.090620624,0.571657674,0.03022513,FALSE
10,TUH95 Comdty,0.181764643,0.161110604,0.125682833,0.053496261,0.015897235,0.18436791,0.717187686,0.718957605,1,FALSE
11,TUM95 Comdty,0.771887362,1,0.168103755,1,0.011632276,0.675969268,1,0.936462285,0.164825342,TRUE
12,TUU95 Comdty,0.013000107,0.031419058,0.072204606,0.756796527,0.990672605,0.01571428,0.840193704,0.023284171,0.131256662,FALSE
13,TUZ95 Comdty,0.105197912,0.135072389,1,0.164497609,1,0.097099222,0.820878985,0.139428993,0.059766652,FALSE
14,TUH96 Comdty,1,0.5742258,1,0.055104936,0.101511525,0.037403971,0.022776301,1,1,FALSE
15,TUM96 Comdty,0.026309551,1,1,0.843471951,0.003976308,0.030991272,0.084846079,0.688517474,1,FALSE
16,TUU96 Comdty,0.090382116,0.003983796,1,0.055558246,0.022549655,0.020933563,0.079725963,0.572909681,0.830738912,FALSE
17,TUZ96 Comdty,0.089145722,0.136573542,0.688823998,0.023957092,0.756532045,0.153310695,0.108139987,1,0.152999846,FALSE
18,TUH97 Comdty,1,0.193854873,0.031313432,0.092593625,1,1,0.587519807,0.172785385,0.144497196,FALSE
19,TUM97 Comdty,0.851001577,0.603627867,0.02161644,0.668989112,1,0.160594959,0.068588508,1,0.056958535,FALSE
20,TUU97 Comdty,1,1,0.158298106,0.793858563,0.175418355,1,0.131656346,0.108764555,0.149157429,FALSE
21,TUZ97 Comdty,0.107228283,0.790407839,0.09712857,0.901347393,0.690349687,0.068369611,0.044865917,0.683788413,0.111967032,FALSE
22,TUH98 Comdty,0.03776505,0.793295852,1,0.652596524,0.086439049,1,0.852378475,0.04212946,0.76057453,FALSE
23,TUM98 Comdty,0.846480613,1,0.958349595,0.192537305,0.070325207,0.570728912,1,0.026693977,0.762282477,TRUE
24,TUU98 Comdty,0.004397379,1,1,1,0.117722293,0.122776422,0.169368412,0.061382242,1,FALSE
25,TUZ98 Comdty,0.00609586,1,0.1431462,0.134591067,1,0.034673267,0.180603033,0.062648588,0.032814483,TRUE
26,TUH99 Comdty,1,1,1,0.000864213,0.075315535,1,0.039733856,0.121711538,1,TRUE
27,TUM99 Comdty,0.747341943,1,0.098281774,0.006809499,0.09934717,0.036811679,0.718503868,0.186148366,1,TRUE
28,TUU99 Comdty,0.186416723,0.153412898,1,0.09168348,0.793028656,0.0785,1,0.072333104,0.07818943,FALSE
29,TUZ99 Comdty,0.018730877,1,0.128814091,0.953159248,0.603814529,1,1,0.068630263,0.783477887,TRUE
30,TUH00 Comdty,0.567264919,1,0.915505422,1,0.113053583,0.081377635,1,1,0.857559624,TRUE
31,TUM00 Comdty,0.657833873,1,1,0.808902483,0.951332711,1,1,0.599307746,0.804630075,TRUE
32,TUU00 Comdty,0.755702381,1,0.625860555,1,0.17576796,1,0.077678217,0.026557605,0.703974275,FALSE
33,TUZ00 Comdty,0.031252784,0.764693112,1,0.723113724,0.12757324,0.131981091,0.117472676,0.032038857,0.074287539,TRUE
34,TUH01 Comdty,1,0.092278325,0.037319869,0.021006382,0.602534409,1,1,0.183658669,0.688614534,FALSE
35,TUM01 Comdty,0.177609864,0.160059683,0.010233188,1,1,0.678671386,0.096342574,0.152946601,1,TRUE
36,TUU01 Comdty,1,0.01485669,0.884776022,0.184008895,1,0.116411994,1,0.897143692,0.733479839,TRUE
37,TUZ01 Comdty,0.859325443,1,0.190038505,0.808103721,0.045842329,0.071287829,1,0.003961551,0.120556168,FALSE
38,TUH02 Comdty,0.134637967,0.117350366,1,0.125903879,0.849914493,0.70898394,1,0.160242018,0.178579874,FALSE
39,TUM02 Comdty,0.151029873,0.089988332,0.890544953,0.028804049,0.029911211,0.176932425,0.731413754,0.592620836,0.146442612,FALSE
40,TUU02 Comdty,0.039610315,0.019497103,0.17007782,1,0.09973034,0.834078378,1,0.628515681,1,FALSE
41,TUZ02 Comdty,1,1,0.865149891,1,0.083419254,0.16510383,0.912274651,1,0.069347018,FALSE
42,TUH03 Comdty,1,0.877142101,1,0.034073618,0.551948043,0.148407889,0.023344405,1,0.0526071,TRUE
43,TUM03 Comdty,0.072411158,1,1,1,1,0.747477873,0.020888477,1,1,TRUE
44,TUU03 Comdty,1,0.027161988,0.087280602,0.166730973,1,0.192949997,0.069241813,0.164434736,0.15752648,TRUE
45,TUZ03 Comdty,1,0.149243583,0.193200724,0.107669261,0.196315587,0.827888655,0.199917019,0.196622606,1,TRUE
46,TUH04 Comdty,1,0.146278712,0.034571093,0.182393921,0.086475238,1,1,0.970986505,0.105365456,FALSE
47,TUM04 Comdty,0.059009766,0.009420647,0.041707457,1,0.01185798,0.783953713,0.047242001,0.131454824,0.174839822,FALSE
48,TUU04 Comdty,0.166269746,0.090552202,0.092210081,0.077183284,1,1,1,0.072555605,0.097445648,FALSE
49,TUZ04 Comdty,0.094796071,0.984543295,0.096964686,0.769851114,1,0.081988874,1,1,0.07246772,FALSE
50,TUH05 Comdty,1,0.026147352,0.107419496,0.841680014,0.044238496,0.148445143,0.660917657,0.845124977,0.913254797,FALSE
51,TUM05 Comdty,0.695505941,0.050584985,0.622311261,0.181035103,0.162406099,0.875645834,0.619850029,1,0.814481113,TRUE
52,TUU05 Comdty,1,0.014529785,0.119282251,0.011883999,0.154569116,1,0.107484581,0.793290208,0.184844929,FALSE
53,TUZ05 Comdty,1,0.854635975,0.100603139,0.600603628,0.035125127,0.107749728,1,0.004802622,0.026774154,TRUE
54,TUH06 Comdty,0.195782722,0.164395105,0.891258767,1,1,0.101415112,1,0.060380002,0.139500063,FALSE
55,TUM06 Comdty,0.179559466,1,0.995497161,1,0.582733873,0.140204899,0.143666492,0.135139967,0.147462462,FALSE
56,TUU06 Comdty,1,0.977995655,0.058973275,0.09252015,0.65419309,0.109609414,0.166596599,0.576393237,1,TRUE
57,TUZ06 Comdty,1,0.107700367,0.105422272,0.818186149,1,0.093918098,0.901226029,0.118363288,1,TRUE
58,TUH07 Comdty,0.840187868,1,0.059856859,1,1,0.583504198,0.033139791,0.068222101,0.787567687,FALSE
59,TUM07 Comdty,0.068618708,0.194536039,0.027722601,0.118512632,0.981637029,0.794406892,1,0.199060617,1,TRUE
60,TUU07 Comdty,1,0.601786869,0.16453064,0.598112519,0.1151022,1,0.608426559,0.095148191,1,TRUE
61,TUZ07 Comdty,1,0.014328724,0.593025992,0.142081584,0.611993305,0.116824546,1,0.745749692,1,TRUE
62,TUH08 Comdty,1,0.818144522,0.588657332,0.046700262,0.684855398,0.106976294,0.601827042,0.195559905,0.066236142,FALSE
63,TUM08 Comdty,0.075737516,1,0.175989608,0.025616175,0.051718748,0.118508703,1,0.038102085,0.078841706,FALSE
64,TUU08 Comdty,1,0.014901248,1,0.183080029,0.103128709,0.050807484,0.024728154,0.057783898,1,FALSE
65,TUZ08 Comdty,0.578963178,0.156587727,0.087521274,0.150551459,1,0.106366227,0.598820683,0.053259539,0.922767063,FALSE
66,TUH09 Comdty,0.624717481,0.851369086,1,0.964086173,0.115705805,0.972016785,0.176224421,0.77664671,0.087363106,TRUE
67,TUM09 Comdty,0.909001966,0.626969132,0.084464465,0.725236351,0.853856887,0.049931325,0.173168904,0.935564921,0.822908899,TRUE
68,TUU09 Comdty,1,0.867859263,0.861565598,0.045442964,1,0.014265546,0.865275204,0.131642283,1,TRUE
69,TUZ09 Comdty,0.163261042,1,1,0.152863253,0.160530127,1,0.007912342,0.022939045,0.168782305,FALSE
70,TUH10 Comdty,0.088409899,0.573804374,0.00489118,0.102993414,0.866446818,0.046805405,0.752634397,0.749303709,0.009248088,FALSE
71,TUM10 Comdty,0.762309848,0.049361686,1,0.805038148,0.11326716,0.133762047,0.911426686,1,0.124744507,FALSE
72,TUU10 Comdty,0.55428326,1,0.552831235,0.165135905,0.053985509,0.000401181,0.006802087,0.13586808,0.090268914,FALSE
73,TUZ10 Comdty,1,1,0.132799423,0.17326914,1,0.045641644,0.049692839,0.021262093,0.035615229,FALSE
74,TUH11 Comdty,1,0.195443135,0.637926107,0.105074641,0.172004454,0.808360665,0.566590884,1,0.12529729,FALSE
75,TUM11 Comdty,0.134794768,1,1,0.123712138,1,1,0.038928577,0.874528455,1,TRUE
76,TUU11 Comdty,0.838048924,0.700241101,0.125456767,0.130129748,0.914066238,0.00032536,0.126330156,0.161208826,0.1118523,TRUE
77,TUZ11 Comdty,0.010132691,1,0.09259658,0.043678552,1,0.043582851,1,0.066210845,0.103302695,FALSE
78,TUH12 Comdty,1,1,0.028925497,1,0.702438022,0.160171615,0.166204868,0.817802531,0.123404092,TRUE
79,TUM12 Comdty,0.863881692,0.029228752,0.965346746,0.121721891,0.990749214,1,0.103052595,1,1,FALSE
80,TUU12 Comdty,0.824324082,1,0.086084948,1,0.125727003,0.126950308,0.061654741,0.13854314,0.024998403,FALSE
81,TUZ12 Comdty,0.162880612,0.054267277,0.139243332,1,0.590806297,0.097452854,0.831992421,0.722156343,0.180190807,FALSE
82,TUH13 Comdty,0.125652075,0.15233066,0.142659636,0.041220977,0.020688842,1,0.165177229,1,0.082612886,FALSE
83,TUM13 Comdty,0.166507722,0.127517874,0.85011409,0.029120641,1,0.070933073,0.054595286,1,0.145391748,FALSE
84,TUU13 Comdty,1,0.071131876,0.799044023,1,0.07948886,1,0.181316434,0.01554864,0.097017688,FALSE
85,TUZ13 Comdty,0.093938548,0.735832263,0.685443668,0.564303516,0.760814239,1,0.0834371,1,0.143974137,TRUE
86,TUH14 Comdty,0.118750919,1,1,0.699931346,0.189688215,0.759072894,0.846878595,0.154893898,1,TRUE
87,TUM14 Comdty,0.581744656,1,0.177829039,0.673093427,0.932101461,0.055521788,1,0.954990353,0.015797094,TRUE
88,TUU14 Comdty,0.054115448,0.85355295,0.893419402,1,0.779798424,0.6247326,0.176733412,0.071204265,0.697532582,TRUE
89,TUZ14 Comdty,0.96651011,0.041047482,0.037669503,0.143045353,0.585673474,0.138757414,1,1,0.980848425,FALSE
90,TUH15 Comdty,0.018686533,1,0.024591513,0.970643013,1,0.727673931,0.596621033,0.891656293,1,TRUE
91,TUM15 Comdty,0.184691272,1,0.045622147,0.172906196,0.035461419,1,1,1,0.117542782,TRUE
92,TUU15 Comdty,0.004339898,1,0.039143087,0.064086211,0.073713919,0.037128262,0.68887711,1,1,TRUE
93,TUZ15 Comdty,0.012177183,0.080167394,0.837623371,0.106196453,0.99051819,0.100204585,1,0.819693432,1,FALSE
94,TUH16 Comdty,0.671590012,0.975504565,0.105503034,0.147327322,0.048663087,1,1,0.104102266,0.13858702,TRUE
95,TUM16 Comdty,0.144278068,0.112670231,1,0.829628852,0.185082115,0.022820371,1,1,0.693395991,FALSE
96,TUU16 Comdty,0.911797061,0.199004121,0.161515053,0.187085313,0.805618307,1,0.146904009,0.195020892,0.108997956,TRUE
97,TUZ16 Comdty,0.75451299,0.116800292,1,1,1,0.040487283,0.983359206,0.738385505,0.056266127,TRUE
98,TUH17 Comdty,1,0.148141164,0.176932889,0.161279006,0.104741105,0.095224258,0.173913547,1,0.784714842,TRUE
99,TUM17 Comdty,0.012156644,0.998625236,0.632255533,0.181002416,0.653162529,1,0.568217829,0.171555713,0.083302969,FALSE
100,TUU17 Comdty,0.980872774,0.081069575,1,0.583239963,0.164323171,0.141166604,0.071209749,0.741822086,0.16915993,FALSE
101,TUZ17 Comdty,1,0.167296349,1,0.041056187,0.008008314,0.115588455,1,1,0.050005382,FALSE
102,TUH18 Comdty,0.059108657,1,1,0.652319568,0.781199213,1,1,0.018064119,1,TRUE
103,TUM8 Comdty,0.038479786,0.018522521,0.098732168,0.132891111,0.166817278,0.024296864,0.079485444,0.114371317,0.117750889,FALSE
104,TUU8 Comdty,0.870722347,1,0.180476414,0.16713884,0.036099315,0.182766884,0.112230824,1,1,FALSE
105,TUZ8 Comdty,0.09132935,0.07534856,0.134536657,0.008951128,1,0.148238229,0.759022954,0.015468354,0.055794898,FALSE
106,TUH9 Comdty,0.037161173,1,0.162437933,0.570717673,0.864679055,0.133588068,1,0.094505654,0.703501602,TRUE
107,TUM9 Comdty,1,0.027843028,1,0.82355909,1,0.016142468,0.029470313,1,0.097563079,TRUE
108,FVH91 Comdty,1,1,0.109202056,0.046779964,1,0.034974335,0.039279885,1,0.188216012,FALSE
109,FVZ92 Comdty,0.181954022,0.096907913,0.194615709,1,1,0.192923622,1,0.656648165,1,TRUE
110,FVH93 Comdty,0.638071718,0.719000124,0.130367586,1,0.619571105,0.17183743,0.56360291,1,0.091479014,TRUE
111,FVM93 Comdty,1,1,1,0.123503151,0.184928889,1,0.111964528,1,0.015673794,FALSE
112,FVU93 Comdty,0.798566812,0.955401151,0.156400958,0.054197591,1,0.129701974,1,0.136413583,0.10821422,TRUE
113,FVZ93 Comdty,0.094950512,0.149771583,0.196950428,0.150488802,1,0.044430538,0.068700115,0.78941554,0.800183137,FALSE
114,FVH94 Comdty,1,1,0.089073928,1,0.199680257,0.987404887,1,0.600386104,0.17893216,FALSE
115,FVM94 Comdty,0.06825955,0.941492044,0.027545017,1,1,1,0.609838634,0.763987987,1,TRUE
116,FVU94 Comdty,0.166734969,0.181590979,0.06946831,0.19141211,0.197697996,0.832718622,1,1,0.164934456,FALSE
117,FVZ94 Comdty,1,0.06693554,0.085044096,1,1,0.163625186,1,1,0.935975924,FALSE
118,FVH95 Comdty,0.086995182,1,0.894048979,0.618189894,1,0.807135892,0.068008837,1,1,TRUE
119,FVM95 Comdty,1,1,0.004539582,0.135177829,0.053125394,0.010290818,0.182145614,1,0.132947401,TRUE
120,FVU95 Comdty,0.186473511,1,1,1,1,0.002973855,0.052740985,1,0.10816222,FALSE
121,FVZ95 Comdty,1,1,0.739593066,0.163758621,1,0.736878747,1,0.77723697,1,TRUE
122,FVH96 Comdty,1,0.030204013,1,0.167648034,0.077240551,0.146819285,0.118478463,0.119150654,0.040167984,FALSE
123,FVM96 Comdty,1,1,0.102280805,1,0.070163932,0.063754898,0.758142464,0.112123419,1,TRUE
124,FVU96 Comdty,0.606525626,0.129362319,0.750107127,0.18487996,0.977071156,0.04907233,1,0.151384454,0.0648595,FALSE
125,FVZ96 Comdty,1,0.039942566,1,0.186442758,0.926467151,1,0.716773553,0.197320421,0.163840166,FALSE
126,FVH97 Comdty,0.075043111,0.064297089,1,0.083555593,0.114787119,0.946112322,0.666261732,1,0.137104946,FALSE
127,FVM97 Comdty,0.003837268,0.913532849,0.142745034,0.022095627,0.11128675,0.177326356,0.069815947,0.048999774,1,TRUE
128,FVU97 Comdty,0.946679341,0.079615148,1,1,0.736569526,0.137162471,0.97383048,1,1,FALSE
129,FVZ97 Comdty,0.140011149,1,0.04405642,0.604480271,0.828506634,0.160398304,0.160967948,0.918228416,1,TRUE
130,FVH98 Comdty,0.158905464,1,0.60067282,0.016183298,0.923263755,0.914849353,0.123471507,1,0.08834502,TRUE
131,FVM98 Comdty,0.029381193,0.587379807,0.034709364,1,0.141583228,0.152448145,1,1,0.705476366,FALSE
132,FVU98 Comdty,1,1,1,0.187002132,0.02234947,0.168734808,0.786695264,0.08480084,1,FALSE
133,FVZ98 Comdty,0.009320105,1,0.058075612,1,0.063292525,1,0.00933954,0.187139064,0.044338062,TRUE
134,FVH99 Comdty,0.179753696,0.036187322,0.144895739,0.737124315,0.93811852,0.164414726,0.027813116,1,0.961120847,FALSE
135,FVM99 Comdty,0.189765058,1,0.111314802,0.072663697,0.019030274,0.083882899,0.13507545,1,1,TRUE
136,FVU99 Comdty,0.758597969,0.049057839,1,1,0.93201904,0.059597366,0.732506521,1,1,FALSE
137,FVZ99 Comdty,1,1,1,0.013661157,1,1,0.076167283,0.987247575,0.128792867,FALSE
138,FVH00 Comdty,0.636212625,0.021195985,0.177343397,0.108918077,0.171088444,1,1,1,0.100874153,TRUE
139,FVM00 Comdty,0.591523493,0.111513914,0.900444589,0.671459012,0.005903832,0.146175132,0.842945169,0.068849142,0.91955033,FALSE
140,FVU00 Comdty,0.160937485,0.706028323,1,1,0.609494983,0.078526284,0.043996023,1,0.16680993,FALSE
141,FVZ00 Comdty,1,1,0.758484005,1,1,0.015129761,0.112852656,0.831973771,1,TRUE
142,FVH01 Comdty,0.759437665,0.945346987,1,1,1,0.849366145,0.199945218,0.851177603,0.16035685,TRUE
143,FVM01 Comdty,0.199824576,1,0.933953083,1,0.585099125,0.135714827,0.164448822,0.14710084,0.847187418,TRUE
144,FVU01 Comdty,0.100631643,0.568231866,0.137632608,0.80983651,1,0.192468511,0.003287413,1,1,TRUE
145,FVZ01 Comdty,0.144159232,1,0.158943662,0.090867787,0.154905631,0.152162317,0.098600434,0.100606387,0.102295419,FALSE
146,FVH02 Comdty,1,0.155587762,1,0.829233665,0.058060646,1,0.009470097,0.664039048,0.047426313,TRUE
147,FVM02 Comdty,0.185972695,0.807907554,1,0.167769787,0.937483884,0.101844991,1,0.035808194,1,TRUE
148,FVU02 Comdty,0.593854357,1,1,1,0.18706666,1,0.056565923,0.919994861,1,FALSE
149,FVZ02 Comdty,0.714429672,1,0.995576477,1,1,0.086001559,0.06620309,0.063830878,0.05944417,FALSE
150,FVH03 Comdty,1,0.551688395,0.671271401,0.907441333,0.119630819,0.900094234,0.194992704,0.144315765,0.813023538,FALSE
151,FVM03 Comdty,0.17027945,1,0.038166885,0.066944647,0.058419836,0.878321003,0.060323078,0.033040176,0.050264836,TRUE
152,FVU03 Comdty,0.711871838,0.705898231,0.178691421,0.043384137,0.598539858,1,0.152499602,1,1,TRUE
153,FVZ03 Comdty,0.067305516,1,1,0.074694093,0.016879588,0.199352089,0.169872588,0.065124798,0.73124221,TRUE
154,FVH04 Comdty,0.154330572,1,1,1,1,1,1,0.625357008,0.144539036,FALSE
155,FVM04 Comdty,0.116999439,0.133464833,0.589581022,0.134753724,0.029501285,0.16191403,0.756063882,0.146566342,1,FALSE
156,FVU04 Comdty,0.980875267,1,1,1,0.065094779,0.051530181,0.614643231,0.101347523,0.07646571,TRUE
157,FVZ04 Comdty,0.861585306,0.120615204,0.165860593,0.105003681,0.99799825,1,0.592262896,1,1,TRUE
158,FVH05 Comdty,1,1,0.705456135,0.148524367,0.775205134,0.176112491,1,0.0068612,0.142102335,FALSE
159,FVM05 Comdty,0.666877093,0.71092357,0.935466992,1,0.132222215,1,0.811807437,0.74565849,0.00238545,FALSE
160,FVU05 Comdty,0.193706074,1,0.082376808,0.026401191,0.04921097,1,1,1,0.054971875,FALSE
161,FVZ05 Comdty,0.110309692,1,1,0.125208898,1,0.187867116,0.05491771,0.066504803,0.728245548,FALSE
162,FVH06 Comdty,0.148486717,1,0.088892521,0.906545227,0.000325334,1,0.117863685,0.100297669,0.11543558,TRUE
163,FVM06 Comdty,0.09650238,0.090028308,0.075769106,1,0.609535682,1,0.004378877,1,0.186533389,TRUE
164,FVU06 Comdty,1,0.077461595,0.927650943,0.113812719,0.689928811,0.626379105,0.676541436,1,0.013665841,FALSE
165,FVZ06 Comdty,0.01326853,0.043825213,1,0.049807039,0.021029827,1,0.96448646,0.051867577,0.708826568,TRUE
166,FVH07 Comdty,0.950768582,0.026032595,0.085983082,0.189528508,0.146200799,0.005327688,0.696739534,1,0.066163958,FALSE
167,FVM07 Comdty,0.843380821,0.195385903,0.082858545,1,1,0.064361081,0.199396535,0.773543993,0.975458042,FALSE
168,FVU07 Comdty,0.189429484,0.144204919,0.088193589,0.147478046,0.161710417,1,0.146045055,1,0.099037861,FALSE
169,FVZ07 Comdty,0.005686412,0.12800557,0.740011526,0.141831875,0.765149625,0.800060665,0.173510012,0.194397766,0.119879253,TRUE
170,FVH08 Comdty,0.164179977,0.052813821,0.073002499,1,0.117006591,0.133238796,0.153633056,0.175406249,1,FALSE
171,FVM08 Comdty,0.160989176,1,0.095288979,0.715254226,0.083584197,0.645805328,1,1,1,TRUE
172,FVU08 Comdty,1,0.774373277,0.799755726,1,0.116451366,0.005216649,0.983751902,0.160985538,1,TRUE
173,FVZ08 Comdty,1,0.64683229,0.619017573,0.018193694,0.163709125,1,0.01997703,0.199700946,0.001460177,TRUE
174,FVH09 Comdty,0.027942898,0.151645042,1,1,0.711983726,0.171559358,0.163143657,1,0.15971929,TRUE
175,FVM09 Comdty,0.087429402,1,0.906655379,0.99380642,0.170026349,0.184839732,0.112994124,0.079586139,0.155662867,TRUE
176,FVU09 Comdty,1,0.176292947,0.943875951,1,1,0.06309054,1,0.702430062,1,FALSE
177,FVZ09 Comdty,0.848900029,0.109396656,0.129801744,0.140481544,0.176026821,1,0.876975392,1,0.115515357,TRUE
178,FVH10 Comdty,0.143081451,1,0.812956831,1,0.759146123,1,1,0.031449205,1,TRUE
179,FVM10 Comdty,0.90372186,0.001074548,0.19435199,0.648727935,0.083851355,0.139317699,1,0.794459693,0.025540231,FALSE
180,FVU10 Comdty,1,0.136469697,1,0.085112628,0.142871007,0.063658373,0.583858033,0.033170503,1,TRUE
181,FVZ10 Comdty,1,1,0.823769137,1,0.683599195,0.047388241,0.197020279,0.146885969,0.094502989,FALSE
182,FVH11 Comdty,0.16145066,0.635133927,1,0.068930779,1,1,0.022251297,0.562738328,1,TRUE
183,FVM11 Comdty,0.831477389,0.124414178,0.013639625,0.07632971,0.143938837,0.141519074,1,1,1,FALSE
184,FVU11 Comdty,1,0.156900746,1,1,0.074709121,1,1,1,1,TRUE
185,FVZ11 Comdty,0.064507127,1,0.121111291,1,0.78474479,1,0.10324953,0.02532514,0.690604245,TRUE
186,FVH12 Comdty,0.964886046,0.042312751,0.976280694,0.13479205,0.078208261,1,1,0.03327208,0.639138711,TRUE
187,FVM12 Comdty,0.702267472,0.059934613,0.084786267,0.124302359,1,1,0.05742761,0.032084348,1,TRUE
188,FVU12 Comdty,0.041163699,1,0.161988002,0.118031989,1,0.097867756,0.614586497,1,0.856708965,FALSE
189,FVZ12 Comdty,0.963655919,0.062246726,0.075002135,0.190535334,0.110155769,0.029810912,0.862460564,1,1,TRUE
190,FVH13 Comdty,1,0.044972883,0.031306375,0.065048433,0.848337665,0.068004137,0.952100395,0.08984945,0.18466613,FALSE
191,FVM13 Comdty,1,0.021076187,1,0.136301988,0.198012203,1,1,0.107993372,0.110315898,FALSE
192,FVU13 Comdty,0.089806534,1,1,0.106674844,0.597036716,1,0.160995856,0.034509789,1,FALSE
193,FVZ13 Comdty,0.196928864,1,0.057699438,0.168846561,0.120037614,0.971995833,0.850478201,0.124007106,0.138622487,FALSE
194,FVH14 Comdty,0.149733367,0.179177067,0.709355354,0.153706456,0.085866772,0.033882429,1,0.002267263,1,TRUE
195,FVM14 Comdty,1,1,0.116047915,0.044962848,0.04864786,1,1,0.114291737,0.706084842,TRUE
196,FVU14 Comdty,0.002729712,0.186381802,1,1,0.033777922,0.713046914,0.166132091,0.195255881,0.028542027,FALSE
197,FVZ14 Comdty,0.1370873,0.065805869,1,0.088391172,1,0.172774636,0.651147731,0.707215547,0.045050318,FALSE
198,FVH15 Comdty,0.622351126,0.669051161,0.070931927,1,0.918023106,0.150835852,0.150300579,0.075590493,0.130730243,FALSE
199,FVM15 Comdty,0.149219026,1,0.900230749,1,0.086179515,0.141378402,1,0.764811447,0.853725375,TRUE
200,FVU15 Comdty,1,0.027272161,0.736667375,0.978486269,1,0.110516915,0.770939129,0.858663566,0.890573266,FALSE
201,FVZ15 Comdty,0.104058711,0.056016165,0.581150315,0.17017054,0.902396217,0.138239493,0.173620182,1,0.065267763,FALSE
202,FVH16 Comdty,0.047398024,0.57054345,1,0.069629898,0.666367621,0.039388742,0.676894455,0.052542635,0.146873149,TRUE
203,FVM16 Comdty,0.184801717,0.648143865,0.056083975,0.151896149,1,0.196260663,1,1,0.138294402,TRUE
204,FVU16 Comdty,1,1,0.870724855,0.597341449,1,0.154551806,0.166213572,0.016558496,0.115793133,TRUE
205,FVZ16 Comdty,1,1,0.042196412,1,1,0.162633633,0.916417391,0.085848061,0.058852598,FALSE
206,FVH17 Comdty,1,1,0.059302886,1,1,1,0.825306923,0.042253133,0.830857956,TRUE
207,FVM17 Comdty,0.998617464,0.11819176,1,0.133450388,0.05819566,0.016257232,0.961347274,0.843135008,0.062911553,FALSE
208,FVU17 Comdty,0.851191662,0.096543547,0.14969254,0.677987315,0.182813143,0.12896585,0.144717099,0.786214009,1,FALSE
209,FVZ17 Comdty,0.172831727,0.577142068,0.639679769,1,0.060656174,1,1,1,0.071250832,FALSE
210,FVH18 Comdty,0.056220288,0.995425554,0.198202737,1,0.640953282,0.131282082,0.103039271,0.851868928,0.093258875,TRUE
211,FVM8 Comdty,0.710265319,0.6380849,0.815366015,0.161629074,0.758009439,0.729681855,1,0.07539599,0.171591066,TRUE
212,FVU8 Comdty,0.027492648,0.160249201,0.915487607,0.590344384,0.134690098,1,0.557528973,0.641946172,0.114822429,TRUE
213,FVZ8 Comdty,0.799773319,0.914737102,0.173974523,1,1,0.024713219,0.98164693,0.183800018,0.062142257,FALSE
214,FVH9 Comdty,0.134005684,0.117591235,0.595259159,0.797834949,0.644770029,1,0.719988877,0.167746594,0.799561789,TRUE
215,FVM9 Comdty,0.076267999,0.750356208,0.995685482,0.111041511,0.032437313,1,1,0.764303873,0.087989374,FALSE
216,FVU9 Comdty,0.906132342,0.585851413,1,0.16418295,0.132529248,1,0.960140369,0.761145454,0.055474646,TRUE
217,TYH85 Comdty,0.924010454,1,1,0.118332486,1,0.965818061,1,0.112390984,0.044887884,FALSE
218,TYM85 Comdty,0.986286546,1,1,1,0.040621734,1,0.174288362,0.136220057,1,FALSE
219,TYU85 Comdty,1,1,0.160036694,0.676350736,0.014319421,0.021848809,1,0.19811906,1,FALSE
220,TYZ85 Comdty,0.717933242,0.088863299,0.709093425,0.146446764,0.095652759,1,0.83809522,0.101188182,0.15051704,FALSE
221,TYH86 Comdty,0.00939746,1,0.725157821,1,0.902722128,0.84623872,1,0.10649493,0.16779905,FALSE
222,TYM86 Comdty,1,0.138228908,0.558083698,0.626097228,1,0.070360146,1,0.020623874,0.094280843,FALSE
223,TYU86 Comdty,0.016806743,0.198056519,1,1,0.121207079,0.025367742,0.189230622,1,0.0486089,FALSE
224,TYZ86 Comdty,1,0.116938291,0.065003314,0.129555929,0.984082846,1,1,1,1,FALSE
225,TYH87 Comdty,1,0.193078309,0.055194498,0.550528178,1,0.170279483,0.600995973,1,0.552106923,TRUE
226,TYM87 Comdty,0.033482228,0.94449719,0.130394643,0.773628245,1,0.090029307,0.01785697,0.193306644,1,TRUE
227,TYU87 Comdty,1,0.045322668,0.886096505,0.893731768,0.093332244,1,0.15369462,1,0.570338803,TRUE
228,TYZ87 Comdty,0.029677379,0.038695306,0.042095529,0.12709772,1,1,0.052498301,0.022029005,0.022655099,FALSE
229,TYH88 Comdty,0.019833058,0.039513208,0.03694464,1,0.05051072,1,1,0.077144534,0.585160078,TRUE
230,TYM88 Comdty,0.176815873,0.635157263,0.177037934,0.644468832,1,1,0.853272842,0.763292975,0.126776174,FALSE
231,TYU88 Comdty,0.589601954,0.089978487,0.022923199,0.01101764,0.040677499,1,1,0.122692858,0.603217816,TRUE
232,TYZ88 Comdty,1,0.158127505,1,1,0.181805985,0.168112755,0.064587875,0.131727883,0.006277951,TRUE
233,TYH89 Comdty,0.879680324,0.853922918,0.184413688,0.109488594,0.559210715,0.167846681,0.158343816,0.151770151,0.186335681,TRUE
234,TYM89 Comdty,0.71307893,0.103148484,1,0.024496671,0.832275381,0.755906626,1,0.845172322,0.060071223,FALSE
235,TYU89 Comdty,0.053915815,0.089315877,1,1,0.061328354,1,0.169002636,0.087171427,0.168208933,FALSE
236,TYZ89 Comdty,0.974084045,0.196396956,0.110256487,0.155105737,1,0.791762415,1,0.735413812,0.703312911,TRUE
237,TYH90 Comdty,0.966492891,1,0.12619925,0.141972108,1,0.03076446,0.092703787,0.616194763,0.608448813,TRUE
238,TYM90 Comdty,1,1,0.136147178,0.127766338,0.056540028,1,0.110061366,0.561057646,0.057142615,FALSE
239,TYU90 Comdty,0.10267684,1,0.169320819,0.785255719,0.967122981,0.048158476,0.051403572,0.881158571,0.051897509,FALSE
240,TYZ90 Comdty,1,0.04249876,1,0.05037393,0.947702576,1,0.156981161,1,0.035139305,TRUE
241,TYH91 Comdty,0.166528644,1,0.144305284,0.06503755,0.072361682,0.186250312,0.157967023,1,0.072837888,FALSE
242,TYM91 Comdty,0.820931377,0.587601415,1,0.770458861,0.149743775,1,0.177152719,1,0.188060402,FALSE
243,TYU91 Comdty,1,0.136560834,0.156055281,0.084397172,0.030026982,1,0.128031408,1,1,TRUE
244,TYZ91 Comdty,0.167489779,0.000189787,1,0.703500725,1,0.071244019,1,0.64423961,1,TRUE
245,TYH92 Comdty,1,0.921256033,0.658632555,1,1,0.03940886,0.159319892,0.041600072,0.577983754,TRUE
246,TYM92 Comdty,0.843728255,0.059771984,0.004135357,1,1,0.154064848,0.56956509,1,1,FALSE
247,TYU92 Comdty,0.701559814,0.094814123,0.04738516,1,0.042073121,0.825997447,1,0.185170727,0.013742203,TRUE
248,TYZ92 Comdty,0.153608592,0.561308416,0.642336926,0.745128223,0.68459299,0.987254878,0.092422913,0.130489319,1,TRUE
249,TYH93 Comdty,0.612541269,0.194849986,0.047873172,0.127037982,0.097271284,0.124903007,0.08058504,0.181137454,1,TRUE
250,TYM93 Comdty,1,1,1,1,1,1,0.088225836,1,0.910182559,FALSE
251,TYU93 Comdty,0.563114014,0.844381424,1,0.05821651,1,0.029362839,1,0.137847982,0.120867131,TRUE
252,TYZ93 Comdty,0.15460691,0.092491277,0.155820872,1,1,0.145342271,0.096557665,0.11372254,1,FALSE
253,TYH94 Comdty,1,0.072318724,0.746089909,1,1,0.046605377,0.076466758,0.74411558,0.675078058,FALSE
254,TYM94 Comdty,0.957306484,0.031520043,1,1,0.762442224,0.088813652,1,0.106643442,1,FALSE
255,TYU94 Comdty,0.058458016,0.051611261,0.05605121,1,0.167084242,0.863480282,0.049935539,0.089261363,1,FALSE
256,TYZ94 Comdty,0.01206478,1,1,0.818641426,0.850441637,0.187367814,1,0.023667422,0.08217228,FALSE
257,TYH95 Comdty,0.586526292,1,1,0.016044549,0.125538939,0.073794391,0.018768897,0.050568597,0.095211138,FALSE
258,TYM95 Comdty,0.012535507,0.856468007,0.127270296,0.189900298,0.026197105,0.59209818,0.116921822,0.081264475,0.78941743,FALSE
259,TYU95 Comdty,1,0.604202286,0.678731569,1,1,0.186865529,0.151591726,0.17789385,0.037423184,TRUE
260,TYZ95 Comdty,0.628503688,0.164320345,1,0.840926208,0.089746787,0.049630286,0.093433144,0.190620461,1,FALSE
261,TYH96 Comdty,0.137961844,1,0.112827464,0.070333704,1,0.788205516,1,0.754659209,0.09147859,TRUE
262,TYM96 Comdty,0.066381706,0.008436598,1,0.860384028,1,0.91652332,0.019960871,1,0.781904912,FALSE
263,TYU96 Comdty,0.034852912,0.121972731,0.118698792,0.199195831,0.159246295,0.008316218,0.64554957,1,1,FALSE
264,TYZ96 Comdty,1,0.829397103,0.917338499,1,1,0.638598606,0.619138231,0.056639121,1,TRUE
265,TYH97 Comdty,1,0.094427223,0.156724619,0.854205544,1,1,1,0.105962181,0.065050493,FALSE
266,TYM97 Comdty,3.85025E-05,0.072748154,0.153419406,0.793683064,0.789276196,0.042357026,0.176416305,1,0.936419507,FALSE
267,TYU97 Comdty,1,1,0.17743599,0.720442863,0.155244832,0.175376806,1,0.600282563,0.165760288,TRUE
268,TYZ97 Comdty,0.793132241,0.615346403,0.161463176,0.038183837,0.916558951,0.5910964,0.039528718,0.682433109,1,TRUE
269,TYH98 Comdty,1,0.122079499,1,0.087110063,0.101745654,0.162943056,0.107794665,0.588005646,1,TRUE
270,TYM98 Comdty,1,0.115036474,0.958045066,0.149450151,0.90912432,0.085689098,0.132385726,0.136847624,0.128249765,TRUE
271,TYU98 Comdty,0.952475234,0.168722714,0.179280006,0.151468353,0.109789393,0.138805488,0.067153057,0.164949077,1,FALSE
272,TYZ98 Comdty,0.663221916,0.16242255,1,0.183833358,0.076441186,0.169235962,0.716258862,0.163705843,1,FALSE
273,TYH99 Comdty,0.95791533,0.163456846,0.195423696,1,0.015116467,1,1,0.774255955,0.148935335,TRUE
274,TYM99 Comdty,0.163015599,0.658683878,0.104898186,1,0.09091973,0.127588387,0.029710029,1,1,TRUE
275,TYU99 Comdty,0.009665189,0.780268829,0.094954888,0.892728266,0.178354276,1,1,0.016849836,0.058080497,FALSE
276,TYZ99 Comdty,0.162142039,0.023424191,1,0.822918066,1,0.039738356,0.022422069,1,0.163373096,TRUE
277,TYH00 Comdty,0.613364783,0.091997714,0.194013997,1,0.699679912,0.040773778,0.195944944,0.022534124,0.699128288,FALSE
278,TYM00 Comdty,0.001322491,0.030611956,1,0.186202918,0.969035272,0.601468139,0.036671653,1,0.151164665,TRUE
279,TYU00 Comdty,0.037334015,1,0.183062172,0.108097902,0.69649326,0.110129501,0.994752984,0.135092531,0.682349852,FALSE
280,TYZ00 Comdty,0.136453243,0.591869049,0.697880384,0.585950606,0.076042584,0.55936813,0.191528406,0.969480322,0.837197913,TRUE
281,TYH01 Comdty,0.072660872,0.077497937,1,1,0.081199463,0.00512273,1,0.920166149,0.012187586,FALSE
282,TYM01 Comdty,1,0.83266572,0.036426777,0.036767081,0.779753974,0.008354519,1,0.585972964,1,TRUE
283,TYU01 Comdty,0.627321144,1,1,1,1,0.967253371,0.125802044,0.869240017,0.070355376,FALSE
284,TYZ01 Comdty,0.046249227,1,0.011705972,0.135979994,0.023803518,0.146254009,0.835481417,1,0.18935049,TRUE
285,TYH02 Comdty,0.012669706,0.114853361,0.699637741,0.749075791,0.821321002,1,0.15804062,0.079350735,1,TRUE
286,TYM02 Comdty,0.027957592,0.19298035,0.734531928,1,0.860835767,0.108113001,0.151962681,0.084540859,1,TRUE
287,TYU02 Comdty,0.029204536,0.750080671,1,0.135372842,0.632529036,1,0.086603553,0.796741097,0.754179609,TRUE
288,TYZ02 Comdty,0.072602731,0.007636349,0.197433637,1,0.007004844,0.046560775,0.556219997,0.580878035,0.938152725,FALSE
289,TYH03 Comdty,1,0.02831158,0.030378897,1,1,1,0.112751995,1,0.071205633,FALSE
290,TYM03 Comdty,1,1,1,0.073548225,0.085010874,0.082612463,0.616423188,1,0.11182613,FALSE
291,TYU03 Comdty,0.161262307,0.05781971,0.126969316,0.558623967,0.559859353,0.059480213,0.006387437,0.172793996,0.010633745,FALSE
292,TYZ03 Comdty,0.725522464,0.982550661,1,0.116284936,1,0.173728649,0.612616848,0.192175273,0.060342486,TRUE
293,TYH04 Comdty,0.059160614,0.08660729,0.881839184,0.005467226,1,1,0.850254293,0.174712058,0.071603939,FALSE
294,TYM04 Comdty,0.635177296,0.949690983,0.08115603,1,0.144043769,0.000109387,0.184983895,1,0.130730245,TRUE
295,TYU04 Comdty,0.156909765,1,0.611051841,0.136760602,0.793468337,0.580032126,1,0.176533238,0.15246851,FALSE
296,TYZ04 Comdty,0.129408703,0.16877824,0.150971711,0.814689172,0.192733289,0.005624079,1,1,0.188834141,FALSE
297,TYH05 Comdty,0.673148694,1,0.575359788,1,0.187634443,0.096150113,1,0.11016013,0.199275248,FALSE
298,TYM05 Comdty,1,1,0.096658719,1,0.050873341,0.160265384,1,0.651185028,0.090648677,FALSE
299,TYU05 Comdty,0.096449826,0.197635798,0.16844111,0.744429483,0.172536641,1,1,0.010508958,0.704355111,TRUE
300,TYZ05 Comdty,0.716867162,0.16623268,0.124084948,0.048977543,0.102103375,0.091248126,0.105282187,0.178061747,1,FALSE
301,TYH06 Comdty,0.06535812,1,1,1,0.646306938,1,0.116957484,0.89075413,1,TRUE
302,TYM06 Comdty,0.061771951,1,0.084109028,0.181092272,1,0.195477565,0.073146144,1,0.03536929,TRUE
303,TYU06 Comdty,0.144186112,0.140100061,0.902631784,0.181246595,0.974739298,1,1,0.064457845,0.929033222,TRUE
304,TYZ06 Comdty,0.665653966,0.128470176,0.002927115,0.168324489,1,0.800953116,0.073393688,1,0.115750946,FALSE
305,TYH07 Comdty,0.573891916,0.025103333,0.57214501,0.139530808,0.154807809,0.198494313,1,0.158669761,0.814703606,TRUE
306,TYM07 Comdty,0.62858262,0.1149197,0.847676595,0.829488073,1,1,0.011378278,0.056811277,0.110023334,TRUE
307,TYU07 Comdty,0.053053423,0.143673905,0.198355178,0.100984395,0.751684746,1,1,0.088331031,0.74863956,TRUE
308,TYZ07 Comdty,1,0.186852344,0.016457082,0.160903801,0.11985368,0.177215078,0.068586743,1,1,TRUE
309,TYH08 Comdty,0.934515438,0.932972902,0.55516239,0.071884691,0.626690835,1,0.116511492,0.118344465,1,TRUE
310,TYM08 Comdty,0.036111954,0.758395257,0.132047391,1,0.644024428,0.601691242,0.1871371,1,0.015519846,TRUE
311,TYU08 Comdty,1,1,0.170591945,0.181180588,0.166155238,0.650085803,0.67835717,0.805559614,0.963360064,FALSE
312,TYZ08 Comdty,0.029960143,0.841230705,0.056719414,0.077754095,0.175536641,0.06178813,1,1,0.868113546,FALSE
313,TYH09 Comdty,0.017922265,0.036228652,0.120830811,0.1779108,0.151992751,0.161039044,0.878196862,1,1,TRUE
314,TYM09 Comdty,1,0.196467472,0.003857475,1,0.034011282,1,0.055748709,0.84369973,0.102101957,TRUE
315,TYU09 Comdty,0.03279242,0.068420289,0.606243424,0.743329568,0.119603778,0.039232907,0.920986401,1,0.04213417,FALSE
316,TYZ09 Comdty,0.002683223,0.197393572,0.013020801,0.171995482,1,1,1,0.635598841,0.190908856,TRUE
317,TYH10 Comdty,0.724924791,0.101924658,0.003079785,0.018830038,0.683644114,0.035467608,0.15824781,0.790711148,1,TRUE
318,TYM10 Comdty,0.694273475,0.183944825,1,0.187291474,0.097605569,0.197561913,0.036436648,1,0.197914385,TRUE
319,TYU10 Comdty,0.086555285,1,1,1,0.169555802,0.939619181,1,0.127563794,1,TRUE
320,TYZ10 Comdty,0.720893743,1,0.963608966,0.894980044,0.111319049,0.59516469,0.181010019,0.088241027,0.112656456,FALSE
321,TYH11 Comdty,0.080911533,0.062332315,0.12729968,0.912632488,0.198885355,0.188171034,0.962517175,0.762367001,0.833833564,TRUE
322,TYM11 Comdty,0.052491942,0.174478459,1,0.051849242,0.072739404,0.710482498,0.991703148,0.140575089,0.070444549,FALSE
323,TYU11 Comdty,1,1,0.962774465,0.96113654,0.189949325,1,1,0.710574324,0.131202084,FALSE
324,TYZ11 Comdty,0.77712305,0.139796134,0.019299175,0.554968861,0.759540665,0.102452427,0.045421941,0.195798907,0.041602884,TRUE
325,TYH12 Comdty,0.171680677,0.586217845,0.054690791,1,0.858214444,0.729051685,0.125222364,0.113171676,1,TRUE
326,TYM12 Comdty,0.891769289,0.094009987,0.060708832,0.847049549,0.130485659,1,0.185345762,0.983739676,0.066640506,FALSE
327,TYU12 Comdty,0.663840386,0.021982269,0.085384295,0.05592816,0.007205643,0.642201623,0.095587709,1,0.029632559,TRUE
328,TYZ12 Comdty,0.118124956,1,0.747829632,0.151035231,0.145535616,0.145167573,0.101937978,0.036919449,1,FALSE
329,TYH13 Comdty,0.740514144,1,0.581634149,1,0.010806355,0.884613237,0.08334063,1,0.157299445,FALSE
330,TYM13 Comdty,1,0.798101906,1,0.981366204,0.082317267,1,0.111873886,0.140020197,1,TRUE
331,TYU13 Comdty,1,0.061623018,0.925457559,0.939662919,1,0.046532802,0.580063374,0.105603666,0.969904699,FALSE
332,TYZ13 Comdty,1,0.128285493,0.115545026,1,1,0.086046821,0.167185535,0.043395271,0.6665587,FALSE
333,TYH14 Comdty,1,1,0.134304315,1,0.096173717,0.79052345,0.91427781,0.597660589,0.14627507,FALSE
334,TYM14 Comdty,0.046993585,0.145783062,1,0.992596283,0.097963599,1,0.011998715,0.034415409,0.183623018,FALSE
335,TYU14 Comdty,0.762606753,0.891464678,0.093841598,0.092316474,1,0.133782575,0.142961219,0.06025697,1,TRUE
336,TYZ14 Comdty,1,0.188442532,1,1,1,0.181679298,1,0.045820875,0.117055168,TRUE
337,TYH15 Comdty,0.153249414,1,0.18227135,0.899560758,1,0.021992211,0.195454564,0.011532948,1,TRUE
338,TYM15 Comdty,0.119707783,1,0.103850617,0.161284475,0.192245391,0.019428221,0.15619017,0.058066089,1,FALSE
339,TYU15 Comdty,0.115143039,0.16049353,0.841869486,0.571069592,1,0.077051993,1,0.046815492,0.910125949,FALSE
340,TYZ15 Comdty,0.116522534,0.004805041,0.165408171,0.199573281,1,1,0.076666455,0.180850918,0.143579049,FALSE
341,TYH16 Comdty,0.045659027,0.189210141,1,0.08934814,0.551138774,1,1,1,0.028559853,FALSE
342,TYM16 Comdty,1,0.593032598,0.110903536,0.098392758,0.956601115,0.575939855,1,0.141634452,0.706378097,TRUE
343,TYU16 Comdty,0.078393411,0.115103678,0.077298489,0.097850815,0.047379577,0.032990963,0.839240259,1,0.013697609,FALSE
344,TYZ16 Comdty,0.015877284,0.054548539,0.171445711,0.984461043,0.014999922,0.851956786,0.171773269,1,1,FALSE
345,TYH17 Comdty,1,0.133929852,0.95914949,1,0.067084488,0.070917118,0.149575963,1,0.000932254,FALSE
346,TYM17 Comdty,0.90153852,0.118229535,0.029679158,0.718932273,0.184498075,0.12972498,0.187838448,0.083255293,1,FALSE
347,TYU17 Comdty,0.061922821,1,0.863376534,0.118993487,0.084949035,1,0.019145041,1,1,TRUE
348,TYZ17 Comdty,0.641494298,1,0.568296059,0.889774869,0.095856975,0.187104859,0.179312206,0.067168641,0.608930628,TRUE
349,TYH18 Comdty,0.124698304,1,0.066796108,0.08671167,0.056832125,1,0.005459842,1,0.09505753,TRUE
350,TYM8 Comdty,0.047101732,0.078842347,0.066266192,0.064251722,1,0.067672549,1,0.168995372,1,TRUE
351,TYU8 Comdty,0.176984826,0.141170186,1,0.081721931,1,1,1,0.152394561,1,TRUE
352,TYZ8 Comdty,1,0.00628165,0.635164539,0.822316705,0.011221802,0.0973814,0.113302247,0.063808981,0.934783109,TRUE
353,TYH9 Comdty,0.639654019,0.644675321,0.00022036,0.050970047,0.154956686,0.083013605,0.110700685,0.004206278,0.139197411,TRUE
354,TYM9 Comdty,0.561756237,0.162510992,0.156744812,1,1,0.99781648,1,0.701283232,1,TRUE
355,TYU9 Comdty,1,0.91811623,1,0.695052241,0.104352685,1,0.011288446,0.127200271,0.069170943,TRUE
356,USH85 Comdty,0.194403785,0.055272996,0.174367687,0.624896407,0.13179865,1,0.990187512,0.059352365,0.814437193,TRUE
357,USM85 Comdty,0.732333117,0.570438829,0.839101683,0.887102592,0.028029829,0.170272947,0.114770005,1,0.189259658,TRUE
358,USU85 Comdty,0.148864805,0.05884171,1,1,0.122881212,1,1,1,0.959143423,TRUE
359,USZ85 Comdty,0.663216187,0.136385963,1,1,0.121901975,0.035785312,0.012757507,0.551413832,0.173680149,FALSE
360,USH86 Comdty,1,1,0.615332147,0.089340333,1,1,0.075325433,0.190441919,0.756287246,TRUE
361,USM86 Comdty,1,1,0.178733525,1,0.851975258,0.083099432,0.637875505,0.059934895,0.024872976,FALSE
362,USU86 Comdty,0.009375906,0.185896171,0.04578703,0.93479079,1,0.015729609,0.593320597,0.097852013,0.110434161,FALSE
363,USZ86 Comdty,0.183422855,1,1,1,0.16104281,1,0.180784941,0.041070204,0.58487588,FALSE
364,USH87 Comdty,0.043154134,0.025606058,0.194320994,0.021508739,0.028860559,1,0.086493655,0.943745445,0.060406134,FALSE
365,USM87 Comdty,1,1,0.082384736,0.11436704,0.018201151,0.019996553,0.631082288,0.011717878,0.04762928,FALSE
366,USU87 Comdty,0.038027672,0.056084305,0.141615371,0.18492696,1,0.091943364,0.1414267,0.151363092,1,FALSE
367,USZ87 Comdty,0.132581938,0.025022618,1,0.07854528,0.031559818,0.641001816,0.157355893,1,1,TRUE
368,USH88 Comdty,0.036402231,0.154646075,0.970969217,0.185645983,0.171120942,0.032993667,0.132404951,1,0.16446621,FALSE
369,USM88 Comdty,0.15767643,0.079645588,0.152513212,0.14406625,0.164695032,0.827553532,0.567527511,0.727719003,1,FALSE
370,USU88 Comdty,0.076604216,1,0.740582207,0.175406671,1,1,0.184960979,0.124599713,0.883374318,TRUE
371,USZ88 Comdty,1,1,0.810246094,0.090394078,1,1,0.163241422,1,0.156282485,FALSE
372,USH89 Comdty,1,0.738413461,1,0.029213082,0.183372038,0.908861743,0.801646975,0.065409825,0.154649717,FALSE
373,USM89 Comdty,1,1,0.697684482,1,1,0.179464304,0.700057112,0.552699894,0.657837652,FALSE
374,USU89 Comdty,0.110706044,0.090472862,1,0.913784108,0.05552136,0.974152387,0.136005319,1,0.136418204,FALSE
375,USZ89 Comdty,0.093892774,0.012383673,1,1,0.021545567,0.858108507,0.132596669,0.754596378,1,FALSE
376,USH90 Comdty,1,0.137893363,0.195565472,0.018639948,0.651892576,0.03151772,0.199977464,1,0.138137964,TRUE
377,USM90 Comdty,1,0.997061429,0.793802474,0.142754244,0.970104957,0.053122922,0.11525602,0.065922247,1,FALSE
378,USU90 Comdty,0.55665569,0.676674966,0.003701106,0.15774165,0.126758088,0.062707283,0.13742778,0.067516276,0.777786584,TRUE
379,USZ90 Comdty,0.925112028,0.084630946,0.142561289,0.171155887,1,0.023905815,0.127720684,1,0.066599188,TRUE
380,USH91 Comdty,0.710419574,0.076325278,0.045431283,1,1,0.60230844,0.020619901,0.738547248,0.105248725,TRUE
381,USM91 Comdty,0.554849909,0.024792627,0.059052869,0.114669791,0.940486881,1,0.098222229,0.88375876,1,FALSE
382,USU91 Comdty,1,0.852073856,0.059699201,1,0.19530595,0.051295657,1,1,0.095843084,FALSE
383,USZ91 Comdty,0.134734391,0.056245952,0.085426334,0.072220379,1,0.876222965,0.092867296,1,1,TRUE
384,USH92 Comdty,0.655622085,1,0.029833065,0.180619911,1,1,0.026080589,0.628380705,0.160774833,FALSE
385,USM92 Comdty,0.097824701,0.637323166,0.768416668,1,1,0.978528255,0.940188806,0.092960962,1,TRUE
386,USU92 Comdty,0.88130643,0.156118993,1,0.10073256,0.59081639,0.055418943,1,1,0.196772488,FALSE
387,USZ92 Comdty,0.885014845,1,0.075362552,0.697799959,0.174306994,0.019565255,1,0.110001543,0.607399301,FALSE
388,USH93 Comdty,0.191108027,0.052596757,1,1,1,0.015921917,1,0.148039218,0.095978535,FALSE
389,USM93 Comdty,0.911133772,0.780638624,1,1,0.14412986,1,0.058630961,1,0.687030716,TRUE
390,USU93 Comdty,1,0.196639243,0.132168482,0.064559443,0.121944059,0.56109098,0.176071853,0.788264493,0.135480688,FALSE
391,USZ93 Comdty,1,1,0.010864297,0.178642192,0.198329325,0.910891733,1,0.598953239,0.003512314,FALSE
392,USH94 Comdty,0.176213643,0.861999821,0.015920699,1,1,0.97701954,0.181084216,1,1,FALSE
393,USM94 Comdty,0.632132149,0.195393516,0.112620803,0.016282829,0.127173968,0.641666993,0.651361103,0.089386288,0.126766679,TRUE
394,USU94 Comdty,0.087835067,1,1,1,1,1,1,0.172876473,0.139529522,FALSE
395,USZ94 Comdty,0.758983543,0.075836816,0.167373139,0.027199921,0.829682467,0.069407469,0.060767544,1,1,TRUE
396,USH95 Comdty,1,0.134068012,0.947929118,0.120934451,1,0.130404606,0.084389447,1,1,FALSE
397,USM95 Comdty,0.659731639,1,1,0.065641018,0.054570958,0.069157017,0.058768774,1,0.05017924,FALSE
398,USU95 Comdty,0.979544606,0.148270444,1,0.050975433,0.146095112,0.643179992,0.764141191,0.131873278,0.100734005,TRUE
399,USZ95 Comdty,0.850769488,0.092073219,0.068922567,0.185517942,0.730272757,0.115996717,0.726382932,0.15347791,0.016859169,FALSE
400,USH96 Comdty,0.139867086,0.105631235,0.790741999,0.748008583,0.175534633,0.192872602,0.642888794,0.191716248,1,TRUE
401,USM96 Comdty,0.071265883,0.553781226,0.032051984,0.12718295,0.132795415,1,0.750957746,0.639793204,0.822197754,TRUE
402,USU96 Comdty,0.019776352,0.115099721,1,1,0.092215863,1,0.686501202,1,0.190051107,FALSE
403,USZ96 Comdty,0.653316523,0.958910331,0.058514053,1,0.083182404,0.134769922,1,1,0.13732206,TRUE
404,USH97 Comdty,0.632181484,0.877189384,1,0.61997904,0.157945522,0.712818758,0.610856711,1,0.756718069,TRUE
405,USM97 Comdty,1,1,0.044338058,0.023525014,1,0.0863612,0.099390657,0.957965592,0.582743428,TRUE
406,USU97 Comdty,1,0.050330807,1,0.158384431,0.025921523,0.027509975,0.141795143,0.009907583,1,TRUE
407,USZ97 Comdty,0.021262692,0.052308305,1,0.78446315,0.177050129,0.125717863,0.03359052,0.078743774,1,FALSE
408,USH98 Comdty,0.062103342,1,1,0.831098598,0.11660776,0.034238091,0.025738074,0.147165626,0.909187343,TRUE
409,USM98 Comdty,1,0.181002066,1,0.570825047,0.57349776,0.704590351,1,1,0.111113394,TRUE
410,USU98 Comdty,1,0.020936723,0.789691411,0.153506042,0.846544182,1,0.732820056,1,0.15144099,FALSE
411,USZ98 Comdty,0.110965869,1,1,0.156321618,0.16457458,0.191249101,0.772027956,1,0.072284013,TRUE
412,USH99 Comdty,0.071509607,0.854212614,1,0.01240583,0.921103747,0.037226188,0.159371631,1,1,TRUE
413,USM99 Comdty,1,1,0.14377675,0.042774559,0.68494656,0.809707914,0.605814207,0.948979108,0.568609589,TRUE
414,USU99 Comdty,1,0.921790154,1,0.183762816,0.721663708,0.836874505,1,1,1,TRUE
415,USZ99 Comdty,1,1,0.022705847,1,0.144868275,0.107585355,0.097860733,0.03642384,0.089881212,FALSE
416,USH00 Comdty,0.174007759,0.03310623,1,1,0.870579653,0.955526184,0.135423593,1,0.96696578,TRUE
417,USM00 Comdty,0.188207788,1,1,1,0.144055073,0.154123043,0.029417911,0.716047899,1,TRUE
418,USU00 Comdty,1,1,0.046586702,0.06970105,1,0.007237707,1,0.175988942,0.101616998,FALSE
419,USZ00 Comdty,1,0.075893054,1,1,0.665146421,1,1,0.117081375,1,TRUE
420,USH01 Comdty,1,0.004150289,0.962815979,0.94205002,1,1,0.144003437,0.008216231,1,TRUE
421,USM01 Comdty,1,0.055509778,0.973459938,0.029842068,0.649343246,0.126291709,0.832315613,1,0.02908988,FALSE
422,USU01 Comdty,0.066345284,0.783025772,0.060212024,0.027519701,0.118962119,0.041460989,0.052846137,1,0.792314699,FALSE
423,USZ01 Comdty,1,0.0863887,0.003866121,0.06154101,0.172608678,0.841137764,0.023000106,0.151451779,0.186953329,FALSE
424,USH02 Comdty,1,1,0.004427992,1,0.556923911,0.098568546,1,0.78086374,1,FALSE
425,USM02 Comdty,0.645197847,0.058215962,0.150389181,0.121998075,0.11962664,0.015507679,0.158995938,0.079611474,0.795823692,TRUE
426,USU02 Comdty,0.160313885,1,1,0.051323591,0.713902471,0.938590559,0.08858706,0.08616301,0.03928389,FALSE
427,USZ02 Comdty,1,0.152837452,0.082238754,1,0.009685683,0.110082151,1,0.120889738,0.000870142,FALSE
428,USH03 Comdty,1,0.864744387,0.078702493,0.006157374,0.027308704,0.064758686,1,0.822293802,1,TRUE
429,USM03 Comdty,0.180802374,0.169858514,0.175912154,0.86645072,0.177512649,0.872952572,0.001839455,0.789643337,0.050118497,FALSE
430,USU03 Comdty,0.198568742,1,0.134784472,1,0.198002981,0.055394069,0.776030932,0.188865601,0.72191626,FALSE
431,USZ03 Comdty,0.089568794,1,0.105166858,1,0.041470265,0.049651508,0.130980168,0.034993081,0.716857065,TRUE
432,USH04 Comdty,0.025342478,0.074350451,1,0.749322221,0.689901089,1,0.188820278,0.827935879,0.766788629,FALSE
433,USM04 Comdty,1,1,0.010380575,0.160712633,0.688312966,0.120538533,0.901585931,1,1,TRUE
434,USU04 Comdty,0.117687951,0.93055894,1,0.106220382,0.151028586,0.066299889,0.050693143,0.105725309,0.092303224,FALSE
435,USZ04 Comdty,0.01872292,1,1,0.046236479,1,1,0.033286027,0.143330047,0.046290167,FALSE
436,USH05 Comdty,0.182525279,0.188187715,0.010403878,0.689822887,0.190781927,1,0.556319856,0.072016576,1,FALSE
437,USM05 Comdty,0.159347033,0.987850136,1,0.801651435,1,0.048070614,1,0.023974974,1,TRUE
438,USU05 Comdty,0.180613008,1,0.142235709,0.160081402,0.187110674,0.032411451,0.117980793,0.905309977,1,FALSE
439,USZ05 Comdty,0.85819121,0.993610669,0.942719462,1,0.893021743,0.088538915,1,0.980261363,1,TRUE
440,USH06 Comdty,0.070439008,0.952344927,0.783626485,0.04689737,0.052205874,0.187593264,0.178288821,0.164680229,0.082986202,TRUE
441,USM06 Comdty,1,0.194501514,1,0.115285976,0.088692101,0.058534467,1,0.050464393,0.050499269,FALSE
442,USU06 Comdty,0.044726434,1,0.002332153,1,0.144615722,0.140811366,1,1,0.83516494,TRUE
443,USZ06 Comdty,0.196672562,0.8668628,0.122079854,0.096299421,0.091292274,0.144690369,0.03828652,0.016489251,0.8285871,FALSE
444,USH07 Comdty,1,0.584459116,0.042227301,0.857209519,0.156575972,1,0.012495373,0.19253558,0.045912973,FALSE
445,USM07 Comdty,0.798228211,0.061848371,0.015794771,0.933118795,0.062222941,0.131917262,1,1,0.083260911,FALSE
446,USU07 Comdty,0.139569279,1,0.038904455,0.989777628,1,1,1,0.016833832,0.60324953,TRUE
447,USZ07 Comdty,1,1,1,1,0.971295071,0.145951911,1,1,0.760639124,FALSE
448,USH08 Comdty,1,0.02183279,1,1,0.144767853,0.192155487,1,0.141225704,0.149812782,FALSE
449,USM08 Comdty,0.0438447,0.911865494,0.061832031,0.825004613,0.165680388,0.170086803,0.169235006,0.165660994,0.884662434,TRUE
450,USU08 Comdty,1,0.123403184,0.183021966,1,0.914118803,1,0.114120666,0.873437625,1,TRUE
451,USZ08 Comdty,0.765237776,0.022472394,0.166216089,0.950632864,0.023556597,1,0.041738522,0.736331335,0.138639281,TRUE
452,USH09 Comdty,0.679984483,1,0.883096524,0.598515383,0.055008526,0.08100937,0.550290151,0.055465813,0.55246968,FALSE
453,USM09 Comdty,1,0.039303675,0.175174721,0.129928692,0.159674786,1,0.704330269,0.195150559,0.11736538,FALSE
454,USU09 Comdty,1,0.175909007,1,0.089908522,1,0.05866551,1,0.721049649,1,FALSE
455,USZ09 Comdty,0.116037386,0.563779042,1,1,1,0.038214778,0.168036368,0.562155957,0.912865907,TRUE
456,USH10 Comdty,0.000684187,0.072459411,0.154892921,0.00073674,1,0.193807256,1,1,0.159143242,FALSE
457,USM10 Comdty,1,0.137717045,0.052541858,1,1,0.85967731,0.909134799,0.070034785,0.088357061,TRUE
458,USU10 Comdty,1,0.055015272,0.109859037,1,1,0.099967476,0.913373906,0.914277987,1,TRUE
459,USZ10 Comdty,0.126997033,1,1,0.13685329,0.199284872,0.706492619,0.142280364,1,0.079519864,TRUE
460,USH11 Comdty,0.99028313,0.057158757,0.191325603,1,1,1,0.130785453,0.003082628,0.06522615,FALSE
461,USM11 Comdty,0.974217085,0.017837015,0.171915656,0.721816313,0.938200249,1,0.855995957,0.036686545,1,FALSE
462,USU11 Comdty,0.094000276,0.01859797,0.563396337,0.689665687,0.095003497,1,0.024593558,1,1,FALSE
463,USZ11 Comdty,0.189822571,0.080389799,1,0.178995021,0.042851047,0.788195495,0.010536224,0.759082155,0.104644302,FALSE
464,USH12 Comdty,0.667888563,0.14662408,0.707282734,0.777078839,0.867476297,1,1,0.06768571,0.551952518,TRUE
465,USM12 Comdty,0.062522021,0.072278078,0.64429596,0.033143201,0.031741296,1,0.067755723,1,0.160739323,FALSE
466,USU12 Comdty,1,0.030383359,1,0.002124014,1,0.597510807,0.705271909,0.044117895,0.75363542,TRUE
467,USZ12 Comdty,0.18352506,0.154399998,0.600637704,0.019353034,0.04316828,0.135324681,0.15699331,1,0.014588189,FALSE
468,USH13 Comdty,0.831733111,0.157599591,0.045839526,0.558657067,0.084657684,0.070017832,0.195430801,1,1,FALSE
469,USM13 Comdty,1,0.029110394,0.078754326,1,0.005111137,0.022941564,1,1,0.937595178,TRUE
470,USU13 Comdty,0.888324827,1,0.17263499,1,0.167045797,0.142180038,1,0.196233486,0.945787186,FALSE
471,USZ13 Comdty,0.15785444,0.782831613,0.020436904,0.192881866,0.195955726,0.896194071,0.947532351,0.692516722,0.030525348,FALSE
472,USH14 Comdty,0.572671485,0.006169733,1,0.022384355,0.136911728,0.120059149,1,1,0.176310124,FALSE
473,USM14 Comdty,0.109336759,0.003928499,0.017308453,0.676149908,1,0.03574389,0.165320991,1,1,FALSE
474,USU14 Comdty,0.114481741,0.18862426,1,0.05496887,1,0.105873459,0.179084947,0.125608011,0.094574813,FALSE
475,USZ14 Comdty,1,0.587952512,1,0.111515082,0.086962875,1,0.999361922,0.126799769,0.024316803,FALSE
476,USH15 Comdty,1,0.065630269,0.713769359,0.114137864,0.183105117,0.089715335,1,1,0.070118856,FALSE
477,USM15 Comdty,1,0.020409402,1,0.964216942,0.899948342,0.726250683,0.150151471,1,0.040383633,FALSE
478,USU15 Comdty,1,1,0.036034181,1,0.601266543,1,0.836460095,0.140217828,0.818732232,TRUE
479,USZ15 Comdty,1,1,0.186976111,1,1,1,1,0.188013012,0.146241604,TRUE
480,USH16 Comdty,0.103909542,0.026908615,0.021230853,0.149755669,0.153894193,0.98668163,1,0.113554125,0.094538718,FALSE
481,USM16 Comdty,1,1,0.159293981,0.060765601,0.052073706,0.152164589,0.867643655,0.750962609,0.192916093,FALSE
482,USU16 Comdty,0.79120242,0.050199685,0.086191946,1,1,0.176938059,0.166008963,1,1,FALSE
483,USZ16 Comdty,0.130037534,0.187979466,0.098469606,0.065204135,0.037582301,0.163990598,1,1,0.006771333,FALSE
484,USH17 Comdty,0.008146475,0.120298132,1,1,1,0.025473013,0.715826517,1,0.1915326,FALSE
485,USM17 Comdty,0.149626334,0.06363041,0.028892507,0.148115996,0.973977874,0.712869651,0.12313648,0.004152738,1,TRUE
486,USU17 Comdty,0.051383522,0.912419332,1,0.14373578,0.16591372,0.648552194,0.150272167,0.145024153,0.034935178,FALSE
487,USZ17 Comdty,0.067776837,0.020733183,1,1,0.011169051,1,0.172906864,1,1,FALSE
488,USH18 Comdty,0.17828542,0.144619483,0.051550649,0.768493961,0.109822111,0.022617254,1,0.145497034,1,FALSE
489,USM8 Comdty,1,0.170699121,0.011215984,0.028342634,1,0.159576708,1,0.103229152,0.828324858,TRUE
490,USU8 Comdty,0.177203099,0.169739167,1,1,0.086483864,0.627175439,0.669659429,1,1,TRUE
491,USZ8 Comdty,1,0.775994471,0.94299692,0.048769464,1,1,1,0.084760789,1,TRUE
492,USH9 Comdty,1,0.985935366,0.094026872,0.729373708,1,0.036388553,0.982085397,0.049730905,0.185224834,FALSE
493,USM9 Comdty,0.098659448,0.770225207,0.719682377,1,0.029309317,1,0.886901533,1,0.013002185,FALSE
494,USU9 Comdty,0.183021606,0.652210904,1,1,0.048457739,0.009983979,0.153504489,0.140083532,1,FALSE
495,TUZ92 Comdty,0.09447644,0.1754282,1,0.772654985,0.076039151,0.051222563,0.087854743,0.865711445,0.11827407,FALSE
496,TUH93 Comdty,0.029133518,0.909963019,0.129602257,0.122606097,1,1,0.64144995,1,1,TRUE
497,TUM93 Comdty,0.071412575,0.573198443,1,0.116008624,0.057457514,0.902228901,1,0.187429268,0.027894888,FALSE
498,TUU93 Comdty,0.185813204,0.107703192,0.001615549,0.173828952,0.148371622,0.090482875,1,0.174606913,1,TRUE
499,TUZ93 Comdty,0.102084904,0.042564282,0.833653921,0.110212556,1,0.155045709,0.194464196,1,0.095076254,FALSE
500,TUH94 Comdty,0.68105098,0.695335259,1,1,0.164228223,0.128516478,0.025920228,0.769458971,0.03238004,TRUE
501,TUM94 Comdty,0.88862984,1,0.142696517,0.610072508,0.04403007,0.575972578,0.812372251,1,1,TRUE
502,TUU94 Comdty,0.142823656,0.048368352,0.042952927,0.695042009,1,1,0.885742997,0.917269488,0.552671797,TRUE
503,TUZ94 Comdty,0.611272966,1,0.590054791,1,1,1,0.068930069,0.003540389,0.027045923,FALSE
504,TUH95 Comdty,0.118417268,0.158337576,0.128173712,0.852116381,0.046556175,1,1,0.151727464,0.020625337,FALSE
505,TUM95 Comdty,0.180143588,0.072458315,0.842748741,0.091718385,0.020166415,0.047628017,0.558547875,0.96860085,0.166442622,FALSE
506,TUU95 Comdty,1,0.186878917,0.094204468,0.191559673,1,0.071934701,0.098798664,1,0.072929914,TRUE
507,TUZ95 Comdty,1,1,1,0.779619232,1,0.075130479,1,1,1,TRUE
508,TUH96 Comdty,0.062314206,1,0.108022592,0.036696551,0.081326179,0.729711908,0.018773113,0.980293659,0.194717328,FALSE
509,TUM96 Comdty,0.649617116,1,0.56362182,0.046398267,0.032516879,1,0.115207808,0.039007705,0.621378408,FALSE
510,TUU96 Comdty,1,1,1,1,1,0.120776282,0.043140678,0.043219749,0.983246392,FALSE
511,TUZ96 Comdty,0.135578996,0.027103826,0.090769525,0.017033387,0.875135738,0.844753217,1,0.147222039,0.015596463,FALSE
512,TUH97 Comdty,1,0.06809301,1,0.786659789,0.957604001,0.154110385,0.197843017,0.144390105,1,TRUE
513,TUM97 Comdty,0.758246202,0.670804043,0.192492609,0.672088488,0.118554999,0.133419515,0.11164057,0.979009855,0.81469438,TRUE
514,TUU97 Comdty,0.084078155,0.021617748,0.075192352,0.022167644,0.867466612,0.023639648,0.889483536,0.753014751,1,TRUE
515,TUZ97 Comdty,0.577449477,0.005391216,0.091409585,1,0.139382186,0.931181327,0.047322334,1,0.021081062,TRUE
516,TUH98 Comdty,0.056280495,0.009005304,0.018508095,0.154017123,1,0.126507589,0.882248427,0.073552979,1,TRUE
517,TUM98 Comdty,0.028369435,1,0.756956655,0.737254907,0.723774791,1,0.008581837,0.022877649,0.058367759,TRUE
518,TUU98 Comdty,0.01477757,0.65908456,0.123877546,1,1,0.046053936,1,1,0.100926833,FALSE
519,TUZ98 Comdty,1,0.042493653,1,0.182276618,0.807979369,0.095513608,0.157922127,1,0.775594529,TRUE
520,TUH99 Comdty,1,1,0.865804545,0.004816306,0.194610342,0.031052372,0.958831723,0.855086115,1,TRUE
521,TUM99 Comdty,0.985730456,0.1877865,1,0.889411939,1,1,1,0.744848503,0.096909483,TRUE
522,TUU99 Comdty,0.94812209,0.006798636,0.109267822,0.008490036,0.656421161,0.199109393,0.114122465,0.03241269,0.010446683,TRUE
523,TUZ99 Comdty,1,0.06684067,0.061879877,0.71015384,0.109305197,0.01087041,0.198647393,0.949705402,0.155311531,FALSE
524,TUH00 Comdty,0.028789684,0.131857048,0.98604826,0.134753288,0.898522843,0.017725603,0.046337736,0.040709164,0.862027917,FALSE
525,TUM00 Comdty,0.74145047,0.094358332,1,0.784963453,0.671991792,1,0.019180251,1,0.933222039,FALSE
526,TUU00 Comdty,0.011183328,0.034056993,1,0.960315477,0.167922994,1,0.901776402,0.096750001,0.106173098,FALSE
527,TUZ00 Comdty,0.972322349,0.165437684,0.003990787,0.046459725,0.147315585,0.880115252,1,0.896646505,1,FALSE
528,TUH01 Comdty,1,0.036465786,1,0.651554208,0.167094239,1,1,0.660680902,0.793992987,FALSE
529,TUM01 Comdty,1,0.011873356,0.16172344,0.794908706,0.662589772,0.032163255,0.766693164,0.157975595,0.076288981,FALSE
530,TUU01 Comdty,1,0.082892506,0.164718833,0.033210534,0.177401474,0.59058052,0.003348071,0.159307919,1,FALSE
531,TUZ01 Comdty,0.133618304,0.170804304,0.132574857,0.164341903,0.880214345,0.966940942,0.822645259,0.948805747,0.984534165,TRUE
532,TUH02 Comdty,0.039389454,1,0.896907981,0.128093773,1,0.071184535,0.961516652,0.100042437,1,FALSE
533,TUM02 Comdty,0.04809109,0.03767264,0.063120099,1,0.139280934,0.927831894,0.081365449,0.048962066,1,FALSE
534,TUU02 Comdty,0.018809463,0.001316749,0.166637574,0.173688977,0.881074769,0.786545021,0.046982589,0.074842544,0.10916608,FALSE
535,TUZ02 Comdty,0.5637121,1,0.773434433,1,0.003883887,1,0.093103488,0.142161045,0.015255794,FALSE
536,TUH03 Comdty,0.176931822,0.159813222,1,1,0.700883316,0.031176641,1,0.161103341,0.638144758,TRUE
537,TUM03 Comdty,0.007214083,0.148005095,0.090829114,0.802851301,0.676699127,0.160472465,0.002020288,1,1,FALSE
538,TUU03 Comdty,1,1,0.150707979,0.101318211,0.619406508,1,1,0.072093432,1,TRUE
539,TUZ03 Comdty,0.845519976,0.571573357,0.733092757,0.09391878,0.020502878,1,1,0.145616617,0.892022555,TRUE
540,TUH04 Comdty,1,0.153024742,0.579271467,1,0.879465846,0.196627321,0.039675901,1,0.080262643,TRUE
541,TUM04 Comdty,0.025148685,1,1,0.780067324,1,0.074922839,0.072146677,0.099751013,1,FALSE
542,TUU04 Comdty,1,0.833497389,0.877952233,0.133040884,0.064311046,0.174270168,1,1,0.14350375,TRUE
543,TUZ04 Comdty,1,0.04692207,1,1,0.772379671,0.828064367,0.095720881,0.158503787,0.722474797,TRUE
544,TUH05 Comdty,0.196177135,0.085561233,0.051350551,0.07029077,0.119743752,0.018766217,1,1,1,FALSE
545,TUM05 Comdty,0.078958356,1,1,0.135307521,0.773767884,0.000506646,0.041626225,1,0.078317401,FALSE
546,TUU05 Comdty,0.005368535,1,0.945079943,0.062815237,0.096500223,0.051071328,0.779130323,0.93285282,0.784818734,FALSE
547,TUZ05 Comdty,1,0.004942641,0.116141755,0.080832423,0.871163688,0.674668659,1,0.111940631,1,TRUE
548,TUH06 Comdty,0.118774337,0.929895198,0.07279983,1,0.136923779,0.611878507,0.594056746,0.748849521,1,TRUE
549,TUM06 Comdty,0.158899163,0.146647362,1,0.126340303,1,0.829895473,1,0.704927332,1,TRUE
550,TUU06 Comdty,0.670699054,0.199252148,0.035873745,0.029846693,1,0.013674297,0.101620237,0.6341557,1,FALSE
551,TUZ06 Comdty,0.584073833,1,0.138974614,0.068917344,1,1,0.041726889,0.05299504,0.650741463,TRUE
552,TUH07 Comdty,1,1,0.844859145,0.146081158,0.628454014,0.101548592,0.198228613,1,0.179823858,TRUE
553,TUM07 Comdty,0.118622813,0.03732392,1,1,1,1,0.648246927,0.031251039,1,FALSE
554,TUU07 Comdty,0.006336931,1,0.16033882,1,1,0.725887943,0.017978086,0.165583099,0.040879946,TRUE
555,TUZ07 Comdty,0.555184568,0.198177489,0.117976192,1,0.045444735,0.78747559,1,0.778096307,0.13488125,FALSE
556,TUH08 Comdty,0.696130017,0.082650983,0.050810389,0.0699775,0.11987787,1,0.15739588,0.155166129,0.187365021,FALSE
557,TUM08 Comdty,1,0.052609282,0.050272995,0.036246781,0.843916834,0.058573947,0.193406245,0.116930815,0.150150913,TRUE
558,TUU08 Comdty,0.716278097,0.00726786,0.811014759,1,0.105731312,0.085623392,0.937286383,0.152822453,1,FALSE
559,TUZ08 Comdty,0.06380851,0.001342199,1,0.724418974,0.176122088,1,1,0.143146238,0.193632774,TRUE
560,TUH09 Comdty,0.192841238,1,0.04715044,0.043043503,1,0.191925396,0.11147114,0.056549153,0.129217154,FALSE
561,TUM09 Comdty,0.888908673,0.073530784,0.194539899,1,0.064604308,0.05713389,0.018181619,0.165929783,0.072248627,TRUE
562,TUU09 Comdty,0.080838895,0.04309668,0.759349189,1,0.035933569,1,0.017498574,0.086419649,0.176485157,FALSE
563,TUZ09 Comdty,0.681101294,0.14412306,1,0.169333412,0.666677562,1,0.596290173,1,0.129171508,FALSE
564,TUH10 Comdty,0.557307923,0.156295111,0.02357696,0.960112255,0.175777337,0.112667188,0.881860881,0.157083741,0.028852901,FALSE
565,TUM10 Comdty,0.722402651,0.909635421,1,1,0.047598185,0.130073097,0.000197288,1,0.072284246,FALSE
566,TUU10 Comdty,0.118873154,1,0.659279517,0.959674749,0.022408168,0.131394913,1,0.748105217,1,TRUE
567,TUZ10 Comdty,0.558836953,0.575961681,0.8620984,0.110969603,0.144042095,0.949858246,0.166740425,1,0.641758461,TRUE
568,TUH11 Comdty,1,0.651793462,1,0.182313598,0.571670371,0.810937047,0.187293382,0.114576499,1,TRUE
569,TUM11 Comdty,0.03765424,0.023281622,1,1,0.15675306,0.666235549,0.105832914,0.713477906,0.119071602,FALSE
570,TUU11 Comdty,1,0.001372867,1,0.194966692,0.18818899,0.168041894,1,1,0.136869775,FALSE
571,TUZ11 Comdty,0.160234348,0.171870107,0.170322883,0.740693726,0.019873429,1,1,1,0.038495754,FALSE
572,TUH12 Comdty,0.601043666,0.070789337,0.130005156,1,0.152584733,0.054016658,0.610167879,1,0.109828757,FALSE
573,TUM12 Comdty,1,0.09362124,0.892752529,0.81069801,0.000187691,0.054048207,1,0.586505657,0.073924939,FALSE
574,TUU12 Comdty,0.111581896,0.099761939,0.160718748,1,0.177661154,0.008492554,0.116560477,0.159361515,0.018071253,FALSE
575,TUZ12 Comdty,0.1271575,0.979274421,1,1,0.143136513,0.112235006,1,0.018133524,0.868902221,TRUE
576,TUH13 Comdty,0.174016004,1,1,1,1,1,0.149517325,1,0.582985862,TRUE
577,TUM13 Comdty,0.126759449,0.187792821,1,0.010567821,0.145998669,0.144753048,0.866553809,0.719659554,0.124448701,FALSE
578,TUU13 Comdty,1,0.097259366,0.157182438,0.179115365,0.105382263,0.770969996,0.093092609,1,0.762491629,FALSE
579,TUZ13 Comdty,0.875343013,0.089178678,0.064297922,0.195781814,0.01777514,0.919064652,0.106421546,0.0375872,0.169331869,FALSE
580,TUH14 Comdty,0.156738988,1,0.191373049,0.998278301,0.057162222,0.018214913,0.137779441,0.10355986,0.676860392,FALSE
581,TUM14 Comdty,0.614691174,1,0.076244091,1,0.683577829,0.601219612,0.642570113,0.56269201,0.74527437,TRUE
582,TUU14 Comdty,1,0.128411614,0.718548815,0.681799615,1,0.044796,0.029405298,1,0.177541693,TRUE
583,TUZ14 Comdty,0.692049755,0.01549142,0.118847591,0.838979056,1,1,0.174215865,0.87073426,0.817416552,TRUE
584,TUH15 Comdty,0.187400715,1,1,0.107749537,0.019556241,1,0.855545055,0.563410267,0.977346491,TRUE
585,TUM15 Comdty,0.01969623,0.059383285,1,1,0.099903731,0.149307282,0.128633484,0.132825044,0.111482888,FALSE
586,TUU15 Comdty,0.084424563,0.611616908,0.068254025,0.755092591,1,0.168700334,0.078846519,0.692362421,0.057567594,TRUE
587,TUZ15 Comdty,0.17190385,1,0.020269404,1,1,0.06852308,1,0.118455259,1,FALSE
588,TUH16 Comdty,1,0.07214779,0.097233142,0.08478454,1,0.060330298,1,1,0.137354491,FALSE
589,TUM16 Comdty,0.776182174,0.938295225,0.660882775,0.867166549,0.152412881,0.113931371,0.848378123,0.034807685,0.709524926,FALSE
590,TUU16 Comdty,0.001983251,0.181140136,0.884156632,1,1,1,1,0.169112394,1,FALSE
591,TUZ16 Comdty,0.050881518,1,0.099565978,1,1,0.023642668,0.079580697,0.645878452,0.02859884,FALSE
592,TUH17 Comdty,0.101795973,1,0.087616175,0.970060644,1,0.089380474,1,0.036481749,0.044304997,FALSE
593,TUM17 Comdty,1,0.091471677,1,0.124636166,0.110518366,1,0.744981661,0.154276176,0.590414619,FALSE
594,TUU17 Comdty,0.177803148,0.177740365,1,0.140846095,0.036510921,0.93090749,1,1,0.138985247,FALSE
595,TUZ17 Comdty,0.554579693,1,0.104056881,0.809142917,0.042316135,0.099807235,1,0.559453784,0.063273457,FALSE
596,TUH18 Comdty,1,0.140694761,0.132343799,0.102051057,0.016002059,0.102052556,0.1824126,1,1,TRUE
597,TUM8 Comdty,0.057180214,0.723216883,0.811714024,0.1718226,0.137746613,0.14592405,0.137435088,0.65166932,0.06537729,TRUE
598,TUU8 Comdty,0.581587305,1,0.18747595,0.18499344,1,0.614783724,0.032942826,0.150396892,1,TRUE
599,TUZ8 Comdty,0.194232496,0.185431911,0.027726282,1,1,0.000898942,0.190344774,1,0.771422818,FALSE
600,TUH9 Comdty,0.108121921,0.580096992,0.055505266,0.075060884,0.553500053,0.144185413,1,0.009685331,1,TRUE
601,TUM9 Comdty,0.105179577,1,1,1,0.061343324,1,1,0.697589011,0.08265133,TRUE
602,FVH91 Comdty,1,0.054925232,0.130603049,1,0.032856485,0.189158733,1,0.983360433,1,FALSE
603,FVZ92 Comdty,1,0.877738552,0.03879306,0.046272046,1,0.039226882,0.023792221,0.015252054,0.856530786,FALSE
604,FVH93 Comdty,1,0.101122487,0.869457763,0.02531196,0.732588599,0.134270962,0.615172555,0.077861228,0.181723264,FALSE
605,FVM93 Comdty,0.12673617,0.175088816,0.574802064,0.996605813,0.193445777,0.030047638,1,0.718357789,0.823799322,TRUE
606,FVU93 Comdty,0.746272372,1,0.985025327,0.084663772,1,0.080611223,0.065103416,0.106965687,0.125955291,FALSE
607,FVZ93 Comdty,1,0.08215186,0.145379652,0.609629356,0.110157606,0.588793958,0.012500968,1,0.021362584,FALSE
608,FVH94 Comdty,0.081565769,1,1,0.081140126,1,0.678445157,1,0.015528133,1,TRUE
609,FVM94 Comdty,0.050671603,0.594595682,1,0.733024109,1,0.044869663,0.79870693,1,0.098904095,FALSE
610,FVU94 Comdty,0.075916193,1,1,0.097195342,1,0.179345503,0.912773507,0.018375607,0.095300591,FALSE
611,FVZ94 Comdty,1,0.002871426,0.106881703,0.084662881,0.687291078,1,0.144558429,1,0.586701267,TRUE
612,FVH95 Comdty,0.069547428,0.046153058,0.905971688,1,0.139749122,0.159267191,0.154776587,1,0.030281598,FALSE
613,FVM95 Comdty,0.062199608,0.862461168,0.580881676,1,1,0.81562246,1,1,1,TRUE
614,FVU95 Comdty,0.160839764,1,0.17564858,0.559291583,1,1,0.836220835,1,0.085459074,FALSE
615,FVZ95 Comdty,0.169002879,0.114454609,1,0.159329855,0.13778017,0.065581319,0.132153734,0.03013656,0.178814792,FALSE
616,FVH96 Comdty,1,1,0.140954197,0.109809035,1,0.794910234,0.931298999,0.173390109,0.6887253,TRUE
617,FVM96 Comdty,0.020827145,0.093206033,0.178520902,0.002166562,1,0.090708878,1,1,0.578050928,TRUE
618,FVU96 Comdty,1,1,0.032648589,0.101259346,1,0.068422584,0.651855846,0.120818237,0.616154792,TRUE
619,FVZ96 Comdty,1,0.093271065,0.769027432,0.12865337,0.875650626,1,1,1,0.944545955,TRUE
620,FVH97 Comdty,1,0.079138111,0.018608304,1,0.653996575,0.059159368,0.837378647,0.892411057,0.94290114,TRUE
621,FVM97 Comdty,1,1,1,0.823105111,0.046641707,1,1,0.153019503,1,TRUE
622,FVU97 Comdty,0.592799904,1,1,0.983036493,0.790845318,0.118322798,0.032031041,1,0.029734353,FALSE
623,FVZ97 Comdty,1,0.025422238,1,1,1,0.176672829,1,0.162086961,0.856023017,FALSE
624,FVH98 Comdty,1,0.989305495,0.623553455,1,1,1,0.143840037,0.096031192,1,TRUE
625,FVM98 Comdty,1,0.18314895,0.174620386,0.087432151,0.171667553,0.184686813,0.058496279,0.087022048,0.131584645,FALSE
626,FVU98 Comdty,0.08835462,1,0.011654428,0.71101118,0.095576701,1,0.188886962,0.814654318,0.072193403,TRUE
627,FVZ98 Comdty,0.165150839,0.08476466,0.151993995,0.080818985,0.091528801,1,1,1,0.082571481,FALSE
628,FVH99 Comdty,0.131185485,0.92974796,0.135329262,1,0.129170725,1,0.050262099,0.059814113,0.097213755,FALSE
629,FVM99 Comdty,1,1,1,1,0.155082274,1,0.566140132,1,1,TRUE
630,FVU99 Comdty,0.145410041,1,0.182989737,1,0.036507165,0.074066787,0.176823133,0.10455732,0.918976507,FALSE
631,FVZ99 Comdty,0.008422152,0.865723207,0.55151045,0.732123185,0.115954419,0.062080201,0.065113756,1,0.148586393,TRUE
632,FVH00 Comdty,0.151620946,0.096906987,0.092860413,1,0.947646155,0.99179517,0.046525279,0.561951509,0.142151983,FALSE
633,FVM00 Comdty,1,1,0.018128696,0.631821483,1,1,0.041409291,1,0.565129368,TRUE
634,FVU00 Comdty,1,1,1,0.038218251,0.031687801,1,1,1,0.19345542,TRUE
635,FVZ00 Comdty,1,0.079436737,0.129979568,0.13431538,0.087766988,1,0.046968414,0.09347616,0.82577517,FALSE
636,FVH01 Comdty,0.070429077,0.152692936,0.985376695,1,1,0.196144321,0.198146411,0.171741676,1,FALSE
637,FVM01 Comdty,1,0.902310411,0.176468272,0.001503241,1,0.663596751,0.108095552,0.102621396,1,TRUE
638,FVU01 Comdty,0.763286441,1,1,0.047585692,0.028104509,0.008007844,0.031168881,0.082261057,1,TRUE
639,FVZ01 Comdty,0.752663646,1,0.915675909,0.19206782,0.827747483,0.111592565,0.883749417,0.624898695,1,TRUE
640,FVH02 Comdty,1,1,1,1,1,0.188029611,1,0.017123835,0.952646493,FALSE
641,FVM02 Comdty,0.039186036,0.107634911,1,1,0.190500119,0.80086179,0.196563493,0.117940213,0.722357503,FALSE
642,FVU02 Comdty,0.800681405,0.134243497,0.786744822,0.018858055,0.15403301,0.14843385,0.028534963,0.586673355,1,FALSE
643,FVZ02 Comdty,0.115253727,0.069981123,0.107683655,0.092971068,0.034893162,0.09804626,1,0.171992898,1,TRUE
644,FVH03 Comdty,1,1,0.925250957,0.115996575,1,0.919434974,1,1,0.182436698,TRUE
645,FVM03 Comdty,0.155480871,1,1,0.815528144,0.180013572,0.876943152,0.709343847,0.874170424,1,TRUE
646,FVU03 Comdty,1,1,0.099285275,0.191562819,0.640489016,0.961190522,0.049291505,0.04389524,0.091159663,FALSE
647,FVZ03 Comdty,0.031052459,0.100147228,0.165135588,0.058688445,0.151667456,0.180012234,1,1,0.008403435,FALSE
648,FVH04 Comdty,1,0.194457987,0.169809331,0.066697277,0.723439075,0.836699573,0.632585989,0.955655771,1,TRUE
649,FVM04 Comdty,0.180911607,1,1,0.668176309,1,0.560779764,1,0.578846128,0.177021884,FALSE
650,FVU04 Comdty,0.173185976,1,0.145138706,0.13628142,0.075807155,0.034682858,0.098665174,0.941147923,0.671341209,FALSE
651,FVZ04 Comdty,0.595111742,1,1,0.752805023,0.029004203,0.655937059,0.10669474,1,0.189275295,FALSE
652,FVH05 Comdty,1,0.07050797,0.181290815,0.973567584,0.027277634,1,0.714467852,0.117357326,0.862416,TRUE
653,FVM05 Comdty,0.19174115,1,0.035275463,0.858938208,1,0.098195581,0.13669828,1,0.194118728,FALSE
654,FVU05 Comdty,0.776896163,0.173572972,1,1,0.116053933,1,0.010102276,0.196051601,1,FALSE
655,FVZ05 Comdty,0.152655336,1,0.162563293,1,0.02181602,1,0.003915057,0.075892232,0.135715588,TRUE
656,FVH06 Comdty,0.141355682,0.199696338,0.567963066,0.162862211,0.8422747,0.565488988,0.023283056,0.552186501,0.066023158,FALSE
657,FVM06 Comdty,0.00800945,0.128128282,1,0.747583172,0.143830807,0.005686433,0.156684573,1,0.11407918,FALSE
658,FVU06 Comdty,0.16165725,1,0.178760363,0.747395146,0.028077758,0.756305945,0.039710716,0.039507176,0.046105466,FALSE
659,FVZ06 Comdty,0.12461484,0.018435142,0.005391554,1,0.007909233,0.964468775,0.172908392,0.174118892,0.5790185,TRUE
660,FVH07 Comdty,1,0.135148368,1,1,0.038097742,0.955860751,1,0.016536009,0.183094953,FALSE
661,FVM07 Comdty,0.098453763,0.690006174,1,0.759547412,0.061659178,0.635647109,1,0.089221444,0.098921412,FALSE
662,FVU07 Comdty,0.124161399,0.836561116,1,0.087271106,0.184794207,0.575355047,0.956288182,0.029214373,1,TRUE
663,FVZ07 Comdty,0.082029863,0.197782828,0.645584267,0.118045475,0.084743105,0.015313091,0.693284921,1,0.102746728,FALSE
664,FVH08 Comdty,0.077105718,0.130907086,0.007696668,1,0.173195563,0.169388317,0.836279697,1,0.126904107,FALSE
665,FVM08 Comdty,0.08020206,0.006495071,0.960428854,1,0.16189407,0.006694602,0.898450714,0.175760885,0.069417734,FALSE
666,FVU08 Comdty,0.910803569,1,0.101942984,0.071629809,0.098984323,0.157780068,0.073620776,0.178227771,1,TRUE
667,FVZ08 Comdty,0.167090042,0.579825233,1,0.093915893,0.152544296,1,1,1,1,FALSE
668,FVH09 Comdty,0.091776233,1,0.158847815,1,0.137334608,0.074909595,0.736860287,0.167581783,0.0486697,FALSE
669,FVM09 Comdty,1,0.995831962,0.116275353,0.02630219,1,1,0.016822441,0.617201406,1,TRUE
670,FVU09 Comdty,1,0.788069609,0.679100197,0.03100495,0.024426916,1,1,0.129736424,0.06719905,TRUE
671,FVZ09 Comdty,0.007242842,1,0.985889209,1,0.832587297,0.082919241,1,0.044763133,0.061491079,FALSE
672,FVH10 Comdty,1,0.683837867,0.805812252,0.163560923,0.052033178,0.047779333,0.006794286,0.027815815,1,FALSE
673,FVM10 Comdty,0.171496453,0.019009285,0.193213756,0.137084828,1,1,0.157740991,1,0.080636346,TRUE
674,FVU10 Comdty,0.667706536,0.08579457,0.000234423,0.014118733,0.052553095,0.177729498,0.106960842,0.16480835,0.110303284,TRUE
675,FVZ10 Comdty,0.854228715,0.993723756,0.798939831,1,0.606241661,0.114897827,1,0.075153718,0.130718671,FALSE
676,FVH11 Comdty,0.916298501,1,0.554530676,0.178257813,0.193775698,0.040260114,1,0.586483809,0.04740374,FALSE
677,FVM11 Comdty,0.729693981,0.113337079,1,0.58730885,0.194512049,1,1,0.0476253,1,TRUE
678,FVU11 Comdty,0.832246989,0.05469472,1,0.009796851,0.042478436,0.112976587,0.008057551,1,0.082732128,FALSE
679,FVZ11 Comdty,0.087960377,1,0.097530721,0.03925942,0.927799826,0.189596676,0.034936274,0.004154491,0.143767015,FALSE
680,FVH12 Comdty,0.976589504,0.797129547,0.017605646,0.927837555,1,1,0.927879521,1,1,TRUE
681,FVM12 Comdty,1,1,0.011517125,0.020815039,1,1,0.034926675,0.653737718,0.087482684,FALSE
682,FVU12 Comdty,0.189935989,0.15142329,0.91140597,1,1,1,1,1,1,TRUE
683,FVZ12 Comdty,0.035711035,1,0.145004661,0.170272048,0.819449342,0.057953837,1,1,0.134357178,TRUE
684,FVH13 Comdty,1,0.081811337,1,0.674026398,1,0.061272159,0.558098444,1,0.097879091,FALSE
685,FVM13 Comdty,0.661199516,1,0.745266647,0.197047271,0.180238362,0.160158563,0.157415847,1,0.194671764,TRUE
686,FVU13 Comdty,1,0.953947026,0.09268169,0.651031424,0.012279831,0.602563542,0.832384296,0.151046942,0.101842636,TRUE
687,FVZ13 Comdty,0.843231851,0.736173135,1,0.07205077,1,1,0.735306444,0.691563944,1,TRUE
688,FVH14 Comdty,1,0.041126717,1,0.04157552,0.929760567,0.161922831,0.009613944,0.110296802,1,FALSE
689,FVM14 Comdty,0.823990523,1,0.194291774,0.068841802,0.090087844,0.112347769,0.02608384,1,0.170554306,FALSE
690,FVU14 Comdty,1,0.935899554,1,0.154982889,1,1,0.182987968,0.15218515,0.014730523,TRUE
691,FVZ14 Comdty,0.05864316,0.182365284,0.00361304,1,0.801825382,1,0.084684964,1,0.053014373,FALSE
692,FVH15 Comdty,0.193337881,0.62240255,0.123331554,0.038664018,1,0.128111097,1,0.074242682,0.155829153,FALSE
693,FVM15 Comdty,0.63362768,0.006717194,0.757739918,0.915961814,0.138044938,0.054064634,0.802971782,1,0.011395667,FALSE
694,FVU15 Comdty,0.121419897,0.070696189,0.047329063,0.181320993,0.798566298,0.144040747,1,0.138617728,0.077330212,FALSE
695,FVZ15 Comdty,0.084789106,0.735750475,0.155536394,0.008714327,1,0.774247801,0.111980183,1,1,TRUE
696,FVH16 Comdty,1,0.919209767,0.553032965,0.147607417,1,0.028278677,0.044530669,0.052702694,0.986795894,TRUE
697,FVM16 Comdty,0.583904304,1,0.927716714,0.975211799,0.675329238,0.692763227,0.172140255,0.821967176,0.876033299,TRUE
698,FVU16 Comdty,0.071332596,0.668928181,1,1,0.062604951,1,1,0.004271757,1,FALSE
699,FVZ16 Comdty,0.010088043,0.030735241,1,1,0.055322338,0.075172906,0.023180944,1,0.150942876,FALSE
700,FVH17 Comdty,0.068395199,1,0.978007061,0.001221901,0.144072434,0.070459729,1,0.137425184,0.133408175,FALSE
701,FVM17 Comdty,1,0.052617529,0.071567245,0.580101979,0.080922904,0.991502122,1,0.164401782,0.014523954,FALSE
702,FVU17 Comdty,0.084775059,0.175885138,1,0.061555821,1,0.044425396,1,1,0.081658067,FALSE
703,FVZ17 Comdty,1,0.174951245,0.722839815,0.178085736,1,0.029710006,0.106719374,0.867721352,0.000160768,TRUE
704,FVH18 Comdty,0.054145892,0.019151983,0.872362004,0.725864981,0.035947231,0.182025847,1,0.179104297,0.133674326,FALSE
705,FVM8 Comdty,1,0.872328123,0.985027846,1,0.025825325,0.17588651,0.982649667,0.061771549,0.197661042,FALSE
706,FVU8 Comdty,1,0.050620619,1,1,1,0.644404556,0.110772924,0.091958992,0.112708627,TRUE
707,FVZ8 Comdty,0.083349172,0.724371399,0.939050692,1,1,0.685187801,0.111150147,1,0.063261164,FALSE
708,FVH9 Comdty,0.15495407,0.9224659,0.065358665,0.19877396,1,0.697954726,0.004085703,0.863513005,1,TRUE
709,FVM9 Comdty,0.657692368,1,0.008960791,0.190912772,0.155450787,0.064722674,0.029028795,0.172074958,0.155218631,TRUE
710,FVU9 Comdty,0.594701008,1,0.024177226,0.105976642,1,0.074938836,0.021049926,1,1,FALSE
711,TYH85 Comdty,1,0.763214072,0.730469186,0.015197428,0.021220566,1,0.112827867,0.155544762,0.630257516,FALSE
712,TYM85 Comdty,1,0.719345641,0.174351681,0.136134191,0.143868058,0.010017543,1,0.036586464,0.097908748,FALSE
713,TYU85 Comdty,0.692583702,0.017136343,1,1,1,0.016881401,0.021632811,0.162529319,1,TRUE
714,TYZ85 Comdty,0.969269796,0.012208894,0.193504069,0.731788798,0.037237411,1,1,0.125716236,0.171165784,FALSE
715,TYH86 Comdty,0.904547085,0.60719412,1,0.794143085,0.082618083,0.183987785,0.07375272,0.055057528,0.150120606,FALSE
716,TYM86 Comdty,1,0.112992489,1,0.699870715,0.091383136,0.79418845,0.914828201,1,0.160832142,FALSE
717,TYU86 Comdty,1,0.171052889,0.569239558,0.153200743,1,0.026860911,1,0.000197679,1,FALSE
718,TYZ86 Comdty,0.199402971,0.16857612,0.934883263,0.073843394,0.062509288,1,0.984826692,0.086770537,1,TRUE
719,TYH87 Comdty,1,0.032256904,0.571668353,0.072183284,0.085390109,0.121960892,0.143415559,0.019719961,1,FALSE
720,TYM87 Comdty,0.035154102,1,1,0.666061088,0.047550395,0.09806096,0.146256235,1,0.014491173,FALSE
721,TYU87 Comdty,0.796752455,0.658051725,0.108702032,0.928593314,0.16518896,1,0.721501692,1,0.170580859,FALSE
722,TYZ87 Comdty,0.143253249,0.099710811,0.180640884,0.986752199,0.084251736,0.878546028,1,1,0.001538455,FALSE
723,TYH88 Comdty,0.717548271,0.759707606,0.746576227,0.11643425,1,0.195811177,0.820513734,0.165600046,0.191340394,FALSE
724,TYM88 Comdty,0.719988739,1,0.191110415,0.088144623,0.125843872,0.156135634,1,0.756923394,0.049903044,FALSE
725,TYU88 Comdty,0.69859768,0.103005282,0.120469736,0.716468091,0.078463413,0.155737809,0.039017698,0.670473478,0.088467825,TRUE
726,TYZ88 Comdty,0.141971477,0.147239489,0.16675474,0.749605119,1,0.018554602,1,1,0.061945102,FALSE
727,TYH89 Comdty,0.617260955,1,0.006436649,1,0.744721475,0.038912445,0.173417197,1,1,TRUE
728,TYM89 Comdty,1,0.090661206,0.096352485,0.156476681,0.061876943,1,0.586721422,0.118559255,0.023614314,TRUE
729,TYU89 Comdty,1,0.727972345,0.652087687,0.121366782,1,0.978148206,0.102028186,0.078241835,0.01059466,FALSE
730,TYZ89 Comdty,0.95827696,1,0.875436321,1,0.047245228,0.617259575,0.86987837,0.71678568,0.117139181,FALSE
731,TYH90 Comdty,0.058871204,1,1,1,0.006120494,0.067993719,1,0.13131781,0.174222534,FALSE
732,TYM90 Comdty,0.097657657,1,1,1,0.041144988,1,0.198495741,0.130280604,0.189944519,FALSE
733,TYU90 Comdty,1,0.645585358,0.565717512,0.047512594,1,0.600135737,1,1,0.110645458,FALSE
734,TYZ90 Comdty,0.119268076,0.155833496,0.110845961,0.092039858,0.097876456,0.187564808,0.865355262,0.050575426,1,FALSE
735,TYH91 Comdty,0.197945658,0.71815913,0.112874522,1,0.055106266,0.189833426,0.045130947,0.157172678,1,TRUE
736,TYM91 Comdty,0.837521101,0.002859428,1,0.111081379,0.13605047,0.186175361,0.875680894,0.040748028,1,FALSE
737,TYU91 Comdty,0.012813125,0.005363307,0.0556176,0.08761785,0.102095063,1,0.097168458,1,0.076687958,FALSE
738,TYZ91 Comdty,0.186730779,0.598059566,0.105880497,0.053101268,0.801420083,1,0.069044877,0.073973742,0.910047555,TRUE
739,TYH92 Comdty,0.039402311,0.169819539,1,0.148582708,0.651006796,1,0.008937937,1,0.172643583,FALSE
740,TYM92 Comdty,1,0.080796316,0.06376298,0.160478533,1,0.038620877,0.073131064,1,0.159249538,FALSE
741,TYU92 Comdty,0.836078784,0.10876109,1,1,1,0.095515427,0.697577797,0.052781521,0.147975883,FALSE
742,TYZ92 Comdty,0.141953536,0.848048057,0.080945076,0.149931764,0.008414653,0.973296925,1,0.95945208,0.096060789,FALSE
743,TYH93 Comdty,1,1,1,0.165321095,0.917058977,0.096464632,0.560211691,0.036700324,0.785953123,FALSE
744,TYM93 Comdty,1,0.805834789,0.898730166,1,0.650653905,0.999831275,1,0.029522686,0.708262717,TRUE
745,TYU93 Comdty,0.810505463,1,0.03572174,0.073670537,0.134212101,0.036765476,1,0.172493787,0.071005598,FALSE
746,TYZ93 Comdty,0.872725532,0.014418362,0.188914207,1,1,0.699074391,1,0.72741325,0.638467382,TRUE
747,TYH94 Comdty,0.068320424,1,0.742161843,0.113855542,0.008044691,0.123966706,0.184346367,0.198208025,1,FALSE
748,TYM94 Comdty,0.029273302,0.819227932,0.157036876,0.100507829,1,0.190747399,1,0.088161763,0.718436161,FALSE
749,TYU94 Comdty,0.188309687,1,1,0.592648089,0.07203821,0.173505927,0.194714382,0.187689901,0.11503415,TRUE
750,TYZ94 Comdty,0.058326377,0.099218721,0.136266044,0.108622978,0.867146005,1,1,0.101200701,0.87366011,FALSE
751,TYH95 Comdty,1,1,0.976153012,1,1,0.64966882,0.10029972,1,1,TRUE
752,TYM95 Comdty,1,1,1,0.070522536,1,0.123568264,0.902928778,0.046797175,0.987346677,FALSE
753,TYU95 Comdty,0.072248377,0.068398725,1,0.034477034,0.845834292,0.161333471,1,1,0.851630402,TRUE
754,TYZ95 Comdty,0.00080338,0.933743709,0.158560625,0.565311139,1,0.1348673,0.160575236,1,1,TRUE
755,TYH96 Comdty,1,0.1821411,0.721582738,0.148939365,0.063095815,0.046317257,0.19925363,1,0.079585737,TRUE
756,TYM96 Comdty,0.169515621,0.031451854,1,0.001179005,1,0.083546696,1,1,0.082832049,FALSE
757,TYU96 Comdty,0.149495635,0.809406882,0.173428763,0.010816587,0.58097089,0.103945434,0.710693734,0.09392218,0.070873193,FALSE
758,TYZ96 Comdty,0.191112905,0.184303236,0.189723195,1,0.100235251,0.179347366,0.082025947,1,1,FALSE
759,TYH97 Comdty,0.177104662,0.023516987,0.033904034,0.106951583,0.173107809,1,0.694558321,0.12263093,0.061367726,FALSE
760,TYM97 Comdty,0.115871929,0.190847896,0.031372849,0.124755735,0.988155958,1,0.709329886,0.632681189,0.155705839,FALSE
761,TYU97 Comdty,0.092249396,0.69195018,0.692754014,0.120805894,0.156951326,0.763030183,1,0.164003717,0.162763414,FALSE
762,TYZ97 Comdty,0.987804567,0.012063616,0.178278016,0.107292212,0.008422551,0.113429461,0.066414056,0.083561902,1,FALSE
763,TYH98 Comdty,1,1,0.176048007,0.857787434,0.144545427,0.562649116,0.058449734,0.173301717,0.115312562,FALSE
764,TYM98 Comdty,0.123933889,1,1,1,0.046742853,0.102026774,0.139199914,0.050295268,0.556006386,FALSE
765,TYU98 Comdty,0.98512339,0.909195884,0.045530071,0.919513883,0.620333747,1,0.153552621,0.150161097,1,FALSE
766,TYZ98 Comdty,1,0.01505269,0.939003836,1,0.696763276,0.025234937,0.763913102,0.027034132,1,TRUE
767,TYH99 Comdty,1,1,0.848385161,1,1,0.037862498,0.810893182,0.12564998,0.182443521,TRUE
768,TYM99 Comdty,0.129211052,1,0.781083844,0.115252339,0.667980776,0.169291908,0.716359377,0.013193905,0.155102534,FALSE
769,TYU99 Comdty,0.053594326,0.044154848,0.052494162,0.589197905,0.03972061,0.114133118,0.009837306,0.114896148,0.073023994,FALSE
770,TYZ99 Comdty,1,1,0.662554654,0.062854458,0.148996604,0.805213775,0.018638476,0.08477611,1,FALSE
771,TYH00 Comdty,0.120076373,0.658947988,0.139170643,0.130405365,0.106478858,0.813588981,0.001858138,0.17242906,0.07947754,FALSE
772,TYM00 Comdty,0.181003533,0.073604683,0.104185455,1,0.17862155,0.068251535,0.126657942,0.887553826,1,FALSE
773,TYU00 Comdty,0.156100531,0.13595203,1,0.150420393,1,0.190561136,1,0.004209302,0.167653977,FALSE
774,TYZ00 Comdty,0.103558719,1,1,0.158624631,1,1,0.78370684,0.894343976,0.09056878,FALSE
775,TYH01 Comdty,0.737066437,1,0.028471019,0.15985512,0.892428572,0.065001651,0.709379563,1,1,FALSE
776,TYM01 Comdty,1,0.061150595,0.13543295,0.905384724,0.994654598,0.194368164,0.042260831,1,0.850804488,FALSE
777,TYU01 Comdty,0.012326171,0.558071714,0.070758439,1,1,1,0.975730995,0.90008884,0.044110545,FALSE
778,TYZ01 Comdty,1,0.039322926,1,1,0.009865338,0.037004099,0.12207166,0.087487648,0.699775843,FALSE
779,TYH02 Comdty,0.738171339,0.118914289,1,0.098938241,0.078476889,0.122821265,1,0.089232975,0.12017499,FALSE
780,TYM02 Comdty,0.606084488,1,0.098191363,1,0.168517221,0.851584893,1,0.170386909,0.177618652,FALSE
781,TYU02 Comdty,0.175673741,0.190779097,1,0.127744578,0.092766136,0.107013663,0.116999107,0.675287808,0.046832094,FALSE
782,TYZ02 Comdty,1,0.789724622,0.10965406,0.108480384,0.64356275,1,1,1,0.136310939,FALSE
783,TYH03 Comdty,0.042809467,0.172296775,0.163441382,0.072505714,0.122741906,1,1,0.977420403,0.034110265,FALSE
784,TYM03 Comdty,0.149469252,0.129873118,0.026147721,0.17762297,1,0.056295369,0.054494076,0.093807974,1,FALSE
785,TYU03 Comdty,0.12547083,0.687347772,1,0.568386945,1,0.751031379,1,0.934117959,0.572171882,TRUE
786,TYZ03 Comdty,1,1,1,0.177231973,0.145498271,0.032850609,1,0.964900952,1,FALSE
787,TYH04 Comdty,0.08700404,0.141510878,0.820456117,1,1,1,0.065859191,0.146428041,0.962267677,TRUE
788,TYM04 Comdty,0.177075616,0.789762174,0.080837013,0.047941505,0.067094736,0.674202118,0.103908231,1,0.027943089,FALSE
789,TYU04 Comdty,1,0.124733001,0.15121263,0.033108258,1,1,0.045756916,0.065589495,0.865564844,FALSE
790,TYZ04 Comdty,1,0.055656774,0.648329593,0.033860099,0.003450006,1,0.8990808,0.642577316,0.003068739,TRUE
791,TYH05 Comdty,1,0.012984196,1,0.01662448,0.77862706,1,0.157671422,0.066721768,0.075234095,FALSE
792,TYM05 Comdty,1,0.743794372,0.087505417,0.0679369,0.042491745,1,0.123871901,0.19366706,0.711620822,TRUE
793,TYU05 Comdty,0.903327094,0.064631357,0.053021525,1,0.15080582,0.137890321,0.098904981,0.067704443,0.921418418,FALSE
794,TYZ05 Comdty,0.081825141,0.593909563,0.688283709,1,0.088628647,1,0.152888014,0.139380312,0.991718706,FALSE
795,TYH06 Comdty,1,0.19304671,0.128806646,1,0.076800386,0.084743142,0.073470436,0.159780335,0.926696602,TRUE
796,TYM06 Comdty,0.136094787,1,1,1,0.070754037,0.050262207,1,0.051678433,0.070839647,FALSE
797,TYU06 Comdty,1,0.681969686,0.131683119,0.725390756,0.150969858,1,0.173945451,1,1,FALSE
798,TYZ06 Comdty,1,0.194217123,0.033734896,0.184763684,1,0.135253651,0.800767931,0.117809454,0.022804055,FALSE
799,TYH07 Comdty,0.01400394,1,0.698794114,0.174124517,0.085843482,1,0.949816782,1,1,FALSE
800,TYM07 Comdty,0.020466624,0.066710136,1,0.96005474,0.027371617,0.140310761,0.031778767,0.166369018,0.031009449,FALSE
801,TYU07 Comdty,0.17453437,0.089374341,1,1,0.182496868,1,0.137319871,0.123410848,0.005756009,FALSE
802,TYZ07 Comdty,0.174829905,0.102135052,0.034368467,1,0.95529013,1,1,0.936787963,0.631985924,FALSE
803,TYH08 Comdty,0.111804902,0.097612001,1,1,0.075513096,0.762259753,0.719259094,0.755124623,0.141580375,FALSE
804,TYM08 Comdty,1,1,1,0.189151105,1,0.123053451,0.077666754,1,0.080778553,TRUE
805,TYU08 Comdty,1,1,0.172330194,0.158809334,0.138866216,0.893006549,0.002575319,0.812356665,0.071909016,FALSE
806,TYZ08 Comdty,0.586073894,0.13300638,0.070850277,0.987993987,0.656121064,0.026157422,0.964922872,1,0.16392829,FALSE
807,TYH09 Comdty,0.016115803,0.005817567,1,1,1,1,1,1,0.089338365,TRUE
808,TYM09 Comdty,0.969068089,0.014331612,0.078170349,0.789751519,0.580810349,0.577514144,0.188163071,0.145337873,0.841097141,FALSE
809,TYU09 Comdty,0.984954424,0.12893878,1,0.718518909,0.145744849,0.066336241,0.070490333,0.729494819,0.006872829,FALSE
810,TYZ09 Comdty,0.092727001,0.740016899,0.637920867,0.173463601,0.002904739,0.146460739,0.075868064,0.15372272,0.67502071,TRUE
811,TYH10 Comdty,0.067293635,0.605507731,1,0.156170838,1,0.673940122,1,0.049921967,1,FALSE
812,TYM10 Comdty,0.63244627,1,0.658646332,0.166987147,0.171722971,0.133376313,0.095999349,0.045627295,0.802025574,TRUE
813,TYU10 Comdty,0.171727301,0.81555448,0.588888398,0.640101234,0.917260116,0.012815273,0.071162995,0.021585167,0.864528211,TRUE
814,TYZ10 Comdty,0.079528934,0.026731552,0.183402494,1,1,1,0.605877769,0.199103973,0.06141029,TRUE
815,TYH11 Comdty,1,1,1,1,0.002568998,0.13028836,0.93359447,1,1,FALSE
816,TYM11 Comdty,0.100879488,0.062373376,0.177363512,0.634945823,0.623722076,0.167599031,1,0.108858093,0.074093741,FALSE
817,TYU11 Comdty,1,0.836545539,0.164329878,0.670614489,0.056587532,1,1,0.099306856,0.672882075,FALSE
818,TYZ11 Comdty,0.704096943,0.07459737,0.796884295,0.048885907,0.824831638,1,0.192456209,0.190025851,1,FALSE
819,TYH12 Comdty,1,0.158237938,0.034240754,0.886584064,0.133413997,0.998137573,1,0.606328204,1,FALSE
820,TYM12 Comdty,1,0.144794583,0.139012431,0.039740112,0.00909797,0.711874007,0.125990281,0.679477665,1,FALSE
821,TYU12 Comdty,1,0.148546039,0.029525239,0.096697533,0.180226304,1,1,0.004576775,0.061044778,TRUE
822,TYZ12 Comdty,1,0.105540749,0.634519889,0.630798475,0.577632015,0.862758398,0.085030313,1,0.813198986,TRUE
823,TYH13 Comdty,1,0.060082686,0.083154143,1,0.769396315,0.811506638,0.678717258,1,0.03881118,FALSE
824,TYM13 Comdty,1,0.14319464,0.017513018,0.692634289,0.076589822,0.573679465,0.598668084,0.860075619,1,TRUE
825,TYU13 Comdty,0.031718269,0.032848407,0.108339403,1,0.024444362,0.155419957,0.815952611,0.113447019,0.130076875,FALSE
826,TYZ13 Comdty,0.047323485,0.134576831,0.150573557,0.016481541,1,1,0.669310768,0.010612337,1,FALSE
827,TYH14 Comdty,0.147777259,0.166788364,1,0.059203782,0.195758569,0.17004964,0.05975222,0.182390388,0.156046476,FALSE
828,TYM14 Comdty,1,0.601386219,0.054992098,0.071344113,0.118126369,0.039428491,0.105672938,0.061215694,1,TRUE
829,TYU14 Comdty,0.003469717,0.081870912,0.877700453,1,1,0.180066559,1,0.157196874,0.086218743,FALSE
830,TYZ14 Comdty,0.101937964,1,0.583320376,0.134561754,1,1,1,1,1,TRUE
831,TYH15 Comdty,0.195296115,0.056435917,1,0.117152863,0.73979129,0.159106708,0.145617839,0.034374702,1,FALSE
832,TYM15 Comdty,0.813585556,1,0.004557338,1,0.865101674,0.168223425,0.015948544,0.122149354,0.090546824,TRUE
833,TYU15 Comdty,0.126454097,0.038351377,0.07749618,0.794645841,0.169632084,0.042579833,1,0.090968372,1,TRUE
834,TYZ15 Comdty,0.014747342,0.839895634,0.094281156,0.17018681,1,0.041515555,0.083829837,0.077066526,1,FALSE
835,TYH16 Comdty,1,1,0.196004073,0.013782493,0.147470586,0.81554892,0.137548613,0.676742156,0.009862653,FALSE
836,TYM16 Comdty,1,0.94659626,1,0.832230879,0.142418439,0.131907361,0.929781841,0.103348725,1,TRUE
837,TYU16 Comdty,1,0.752614888,1,1,1,0.08158441,0.183710953,1,1,TRUE
838,TYZ16 Comdty,0.180953047,0.154986326,0.162355622,0.165463838,1,1,0.171284422,1,0.159741989,TRUE
839,TYH17 Comdty,0.09078238,0.994605223,0.00075252,0.130190848,1,0.151325702,0.929234488,0.198219289,0.107976163,FALSE
840,TYM17 Comdty,0.749135143,0.060439778,0.163885593,0.85940012,0.138050657,1,0.73017426,0.725331307,1,FALSE
841,TYU17 Comdty,0.084762518,0.560308101,0.117590404,0.024656095,0.118935717,0.193973329,0.5531982,0.85238901,1,TRUE
842,TYZ17 Comdty,0.83190539,0.051891471,1,0.020194441,0.971642777,0.675305473,1,0.078910696,1,FALSE
843,TYH18 Comdty,0.023800858,1,0.090667864,0.191980686,0.182972928,0.10168684,0.77504684,0.058635401,0.117309279,FALSE
844,TYM8 Comdty,0.123735834,0.770936482,0.14399996,0.149375665,0.105435396,0.15526801,0.748464148,0.021863404,1,FALSE
845,TYU8 Comdty,0.060630447,0.037089725,1,0.159052716,1,0.160294497,0.189250912,0.153386282,1,FALSE
846,TYZ8 Comdty,0.167888084,0.953883685,0.156752987,0.13677672,0.150713974,0.063446817,1,0.156105277,0.021832788,TRUE
847,TYH9 Comdty,0.19112026,0.18975272,0.038155406,1,0.649937337,1,0.061109139,1,0.631295335,FALSE
848,TYM9 Comdty,0.129646686,1,0.12299742,0.182868691,0.028127476,0.092477688,1,0.170739789,0.192878697,FALSE
849,TYU9 Comdty,0.157653009,0.847614356,0.084082951,0.082738949,0.164629738,0.974702354,0.83323335,0.007671915,0.81565941,TRUE
850,USH85 Comdty,0.190848814,1,0.122096754,0.014866967,1,1,0.180291173,0.633238522,0.005140376,FALSE
851,USM85 Comdty,1,0.899542147,0.76477722,1,0.19952116,0.096686866,0.960377805,0.089284062,0.051028619,TRUE
852,USU85 Comdty,1,1,1,0.190653505,0.974364939,0.150191246,0.001504153,0.022217309,0.696192502,TRUE
853,USZ85 Comdty,0.131887457,0.637785819,0.924842875,0.880606945,0.164491639,0.890156983,0.594739951,1,0.982062899,TRUE
854,USH86 Comdty,0.151620522,0.112542284,1,0.080951321,0.92312653,0.774508479,1,1,0.06766981,TRUE
855,USM86 Comdty,1,0.729976957,1,0.184256914,0.171937217,0.068822537,1,1,1,TRUE
856,USU86 Comdty,0.161096554,1,0.04329998,0.121679311,0.04742372,1,0.809401173,0.152959843,1,FALSE
857,USZ86 Comdty,0.044005414,1,0.151362342,0.736080468,0.05392149,0.025449157,1,0.953108471,0.145722387,FALSE
858,USH87 Comdty,0.171888873,0.186372339,0.060676157,0.00670137,0.0725778,0.00207364,0.171641379,0.871866877,0.030118477,FALSE
859,USM87 Comdty,0.187834596,0.809812998,0.10776951,0.063254248,0.163992974,1,1,1,1,TRUE
860,USU87 Comdty,1,1,0.134898302,0.109455849,1,1,0.114128349,0.652663216,0.005869143,FALSE
861,USZ87 Comdty,0.173711625,0.968198991,0.092756502,0.092127471,1,0.045394181,1,1,0.12700954,TRUE
862,USH88 Comdty,0.17067973,1,0.157831894,1,0.021880194,0.040900579,0.645906683,1,0.043212138,FALSE
863,USM88 Comdty,0.048819005,0.086719462,0.005548241,0.033086314,1,0.152193636,1,0.049328945,1,FALSE
864,USU88 Comdty,0.139233424,0.63483977,1,0.127774961,0.192377205,0.14192607,0.154429827,0.161850731,0.756159673,FALSE
865,USZ88 Comdty,0.835910652,1,1,0.144072053,0.703919498,0.074869284,0.178275377,1,1,TRUE
866,USH89 Comdty,0.143426243,0.575961057,0.790288848,0.613063118,0.102477393,0.138492467,0.055117209,1,1,TRUE
867,USM89 Comdty,0.589106755,0.086990903,0.143155056,1,0.116340621,0.924821524,0.182005913,1,0.10982934,FALSE
868,USU89 Comdty,1,0.176020387,0.126810406,0.782422554,1,0.014491264,1,0.867510431,0.138167422,FALSE
869,USZ89 Comdty,1,0.153860668,0.085088573,1,0.116253653,0.199374762,1,0.017027937,0.674797883,FALSE
870,USH90 Comdty,0.12905651,0.944256205,0.116733076,0.115995374,0.05043197,0.991386108,0.011728794,0.103452728,1,TRUE
871,USM90 Comdty,0.064901985,0.084162106,1,1,1,0.01150662,1,0.089990362,0.033000905,FALSE
872,USU90 Comdty,1,1,0.061765342,0.022064757,1,0.918983379,0.176465263,0.185861433,0.789815455,TRUE
873,USZ90 Comdty,1,1,0.896740452,1,1,0.194830386,0.106855305,0.094137031,1,FALSE
874,USH91 Comdty,1,0.099602771,0.184228434,0.772709773,1,0.038013834,1,0.0684556,0.064250918,FALSE
875,USM91 Comdty,0.045218611,0.122770246,0.177400396,0.878837748,1,0.050746701,0.004884985,1,0.005351242,FALSE
876,USU91 Comdty,0.786402937,0.933049027,0.142347693,0.06695515,0.830836615,0.877799179,0.033257848,0.835289252,0.048525765,TRUE
877,USZ91 Comdty,0.634121742,0.154596573,1,0.046262996,0.196345227,1,0.679898471,1,0.092093884,FALSE
878,USH92 Comdty,0.03224587,0.066548379,1,0.046130199,0.031051298,0.570956325,0.002365772,0.015567394,1,FALSE
879,USM92 Comdty,0.088934822,1,1,1,1,0.032934872,1,0.059284575,1,FALSE
880,USU92 Comdty,0.152721657,1,0.167252099,0.066068412,0.191525261,0.745531773,0.1471002,0.105129874,0.775683605,FALSE
881,USZ92 Comdty,0.145237668,0.813568056,1,1,0.138185998,0.189976076,1,0.001757098,0.056281222,FALSE
882,USH93 Comdty,0.137180086,0.093437064,0.813503489,0.590381011,0.018928817,1,0.589346349,0.094453426,0.667816381,TRUE
883,USM93 Comdty,1,1,1,1,0.101013411,0.657260783,0.069762817,0.074871817,1,FALSE
884,USU93 Comdty,0.073412856,0.959673443,0.008802451,0.189271745,1,0.115819139,0.012250286,0.706766498,1,TRUE
885,USZ93 Comdty,0.745284259,0.985996785,0.87179335,0.103984,1,1,0.678161622,0.025567889,0.001518063,TRUE
886,USH94 Comdty,0.038254086,0.089309894,0.162243747,1,0.078623246,1,0.121087865,0.151252598,0.661839562,TRUE
887,USM94 Comdty,1,1,1,0.012015575,0.177196827,0.742191273,0.094281425,1,1,FALSE
888,USU94 Comdty,1,1,0.04138758,0.881703162,0.017117165,0.06889398,1,0.007559791,0.010679173,FALSE
889,USZ94 Comdty,0.561922796,1,0.848451854,0.565184611,0.939820459,0.552078435,0.069706125,1,0.035731884,FALSE
890,USH95 Comdty,0.140604208,0.929845349,0.601402287,0.952783516,1,0.092874216,0.652282943,1,0.085909478,FALSE
891,USM95 Comdty,0.098429235,0.863718433,1,0.05919843,1,0.068044879,0.863928154,1,0.063133439,TRUE
892,USU95 Comdty,0.102050907,0.168920989,0.00892918,1,0.119686739,0.098408262,1,0.658340542,0.034888132,FALSE
893,USZ95 Comdty,0.045720331,0.826418754,0.841434222,0.02755386,0.602830259,0.041238558,0.054609519,0.124697883,0.087665538,TRUE
894,USH96 Comdty,0.815478948,0.684428859,0.007469295,0.018571761,0.162221437,0.030494202,0.986740562,0.861428918,1,FALSE
895,USM96 Comdty,0.833603112,0.789802182,0.949964245,1,1,0.02357084,0.775284908,0.73541278,1,FALSE
896,USU96 Comdty,0.850482429,0.106219066,1,1,0.143182909,0.039112597,1,0.942108301,0.879261451,FALSE
897,USZ96 Comdty,1,0.048638182,0.193619399,1,0.88995928,0.129162212,0.137239078,1,1,FALSE
898,USH97 Comdty,0.914223853,0.080240767,1,0.000309675,0.010017392,0.095046797,1,0.179392325,0.97374072,TRUE
899,USM97 Comdty,0.188539379,0.677023987,0.889068613,0.172882545,0.122177658,0.761967472,0.159113913,0.967725985,0.087070369,TRUE
900,USU97 Comdty,1,0.061971939,0.64437792,0.617578313,0.701125556,0.147354054,1,0.697771241,0.174949156,TRUE
